"lfd","noun","collocations","category"
1,"rose","shrub","P&F"
2,"rose","mid-term","P&F"
3,"rose","red","P&F"
4,"rose","climbing","P&F"
5,"rose","damask","P&F"
6,"rose","wild","P&F"
7,"rose","pink","P&F"
8,"rose","miniature","P&F"
9,"rose","net","P&F"
10,"rose","old-fashioned","P&F"
11,"rose","yellow","P&F"
12,"rose","ceiling","P&F"
13,"rose","hybrid","P&F"
14,"rose","patio","P&F"
15,"rose","mas","P&F"
16,"rose","share","P&F"
17,"rose","scented","P&F"
18,"rose","white","P&F"
19,"rose","long-stemmed","P&F"
20,"rose","stone","P&F"
21,"rose","cabbage","P&F"
22,"rose","purple","P&F"
23,"rose","english","P&F"
24,"rose","chin","P&F"
25,"rose","bush","P&F"
26,"rose","honeysuckle","P&F"
27,"rose","clemati","P&F"
28,"rose","carnation","P&F"
29,"rose","nerolus","P&F"
30,"rose","jasmine","P&F"
31,"rose","monday","P&F"
32,"rose","daffodil","P&F"
33,"rose","tulip","P&F"
34,"rose","freesia","P&F"
35,"rose","foxglove","P&F"
36,"rose","Victorine","P&F"
37,"rose","Thorn","P&F"
38,"rose","lily","P&F"
39,"rose","orchid","P&F"
40,"rose","rambler","P&F"
41,"rose","lavender","P&F"
42,"rose","rose","P&F"
43,"rose","quarter","P&F"
44,"rose","flower","P&F"
45,"rose","leaf","P&F"
46,"rose","crown","P&F"
47,"rose","wine","P&F"
48,"rose","tower","P&F"
49,"rose","petal","P&F"
50,"rose","bowl","P&F"
51,"rose","quartz","P&F"
52,"rose","thorn","P&F"
53,"rose","pruning","P&F"
54,"rose","fertiliser","P&F"
55,"rose","garden","P&F"
56,"rose","hip","P&F"
57,"rose","bud","P&F"
58,"rose","vase","P&F"
59,"rose","arch","P&F"
60,"rose","cottage","P&F"
61,"rose","concert","P&F"
62,"rose","theatre","P&F"
63,"rose","window","P&F"
64,"rose","bed","P&F"
65,"rose","festival","P&F"
66,"rose","tree","P&F"
67,"rose","variety","P&F"
68,"rose","award","P&F"
69,"rose","design","P&F"
70,"rose","care","P&F"
71,"rose","prune","P&F"
72,"rose","plant","P&F"
73,"rose","propagate","P&F"
74,"rose","climb","P&F"
75,"rose","position","P&F"
76,"rose","grow","P&F"
77,"rose","list","P&F"
78,"rose","arrange","P&F"
79,"rose","press","P&F"
80,"rose","choose","P&F"
81,"rose","love","P&F"
82,"rose","wear","P&F"
83,"rose","throw","P&F"
84,"rose","buy","P&F"
85,"rose","like","P&F"
86,"rose","carry","P&F"
87,"rose","include","P&F"
88,"rose","contain","P&F"
89,"rose","put","P&F"
90,"rose","call","P&F"
91,"rose","see","P&F"
92,"rose","show","P&F"
93,"rose","bring","P&F"
94,"rose","use","P&F"
95,"rose","want","P&F"
96,"rose","wreath","P&F"
97,"rose","bouquet","P&F"
98,"rose","bunch","P&F"
99,"rose","scent","P&F"
100,"rose","smell","P&F"
101,"rose","war","P&F"
102,"rose","full","P&F"
103,"rose","amount","P&F"
104,"rose","cost","P&F"
105,"rose","name","P&F"
106,"rose","type","P&F"
107,"rose","number","P&F"
108,"rose","think","P&F"
109,"rose","begin","P&F"
110,"rose","leave","P&F"
111,"rose","follow","P&F"
112,"rose","come","P&F"
113,"rose","go","P&F"
114,"rose","bloom","P&F"
115,"rose","cheek","P&F"
116,"rose","entwine","P&F"
117,"rose","Lima","P&F"
118,"rose","summer","P&F"
119,"rose","earnings","P&F"
120,"rose","foot","P&F"
121,"rose","cent","P&F"
122,"rose","apothecary","P&F"
123,"rose","look","P&F"
124,"rose","back","P&F"
125,"rose","door","P&F"
126,"rose","poss","P&F"
127,"rose","Sfin","P&F"
128,"rose","VPing","P&F"
129,"rose","VPto","P&F"
130,"rose","Swh","P&F"
131,"rose","Sing","P&F"
1,"river","valley","MA"
2,"river","dolphin","MA"
3,"river","Severn","MA"
4,"river","crossing","MA"
5,"river","Derwent","MA"
6,"river","Thames","MA"
7,"river","bank","MA"
8,"river","frontage","MA"
9,"river","blindness","MA"
10,"river","Humber","MA"
11,"river","authority","MA"
12,"river","Stour","MA"
13,"river","Dee","MA"
14,"river","Seine","MA"
15,"river","Ouse","MA"
16,"river","terrace","MA"
17,"river","estuary","MA"
18,"river","bed","MA"
19,"river","Wye","MA"
20,"river","basin","MA"
21,"river","navigation","MA"
22,"river","pollution","MA"
23,"river","Danube","MA"
24,"river","Elbe","MA"
25,"river","Aire","MA"
26,"river","navigable","MA"
27,"river","polluted","MA"
28,"river","fast-flowing","MA"
29,"river","flowing","MA"
30,"river","Euphrates","MA"
31,"river","salmon","MA"
32,"river","frozen","MA"
33,"river","tidal","MA"
34,"river","swollen","MA"
35,"river","Colorado","MA"
36,"river","yangtze","MA"
37,"river","meandering","MA"
38,"river","Ob","MA"
39,"river","Sava","MA"
40,"river","rushing","MA"
41,"river","sacred","MA"
42,"river","Lyn","MA"
43,"river","slow-flowing","MA"
44,"river","Drina","MA"
45,"river","Narmada","MA"
46,"river","flooded","MA"
47,"river","slow-moving","MA"
48,"river","holy","MA"
49,"river","underground","MA"
50,"river","awash","MA"
51,"river","lake","MA"
52,"river","stream","MA"
53,"river","canal","MA"
54,"river","loch","MA"
55,"river","tributary","MA"
56,"river","waterfall","MA"
57,"river","brook","MA"
58,"river","marsh","MA"
59,"river","wetland","MA"
60,"river","sea","MA"
61,"river","burn","MA"
62,"river","ocean","MA"
63,"river","waterway","MA"
64,"river","pond","MA"
65,"river","mountain","MA"
66,"river","hill","MA"
67,"river","beach","MA"
68,"river","river","MA"
69,"river","rain","MA"
70,"river","forest","MA"
71,"river","countryside","MA"
72,"river","pool","MA"
73,"river","soil","MA"
74,"river","stretch","MA"
75,"river","reach","MA"
76,"river","bend","MA"
77,"river","confluence","MA"
78,"river","waters","MA"
79,"river","sweep","MA"
80,"river","middle","MA"
81,"river","south","MA"
82,"river","mouth","MA"
83,"river","side","MA"
84,"river","flow","MA"
85,"river","bottom","MA"
86,"river","mile","MA"
87,"river","north","MA"
88,"river","surface","MA"
89,"river","west","MA"
90,"river","sound","MA"
91,"river","direction","MA"
92,"river","quality","MA"
93,"river","view","MA"
94,"river","east","MA"
95,"river","pollute","MA"
96,"river","cross","MA"
97,"river","dam","MA"
98,"river","ford","MA"
99,"river","overlook","MA"
100,"river","border","MA"
101,"river","span","MA"
102,"river","swim","MA"
103,"river","fish","MA"
104,"river","swell","MA"
105,"river","divert","MA"
106,"river","freeze","MA"
107,"river","explore","MA"
108,"river","feed","MA"
109,"river","love","MA"
110,"river","follow","MA"
111,"river","join","MA"
112,"river","improve","MA"
113,"river","enter","MA"
114,"river","watch","MA"
115,"river","prevent","MA"
116,"river","affect","MA"
117,"river","form","MA"
118,"river","see","MA"
119,"river","meander","MA"
120,"river","overflow","MA"
121,"river","flood","MA"
122,"river","dry","MA"
123,"river","run","MA"
124,"river","wash","MA"
125,"river","rise","MA"
126,"river","divide","MA"
127,"river","cut","MA"
128,"river","lay","MA"
129,"river","meet","MA"
130,"river","carry","MA"
131,"river","seem","MA"
132,"river","lead","MA"
133,"river","become","MA"
134,"river","cause","MA"
135,"river","turn","MA"
136,"river","look","MA"
137,"river","begin","MA"
138,"river","go","MA"
139,"river","come","MA"
140,"river","pee","MA"
141,"river","drown","MA"
142,"river","jump","MA"
143,"river","fall","MA"
144,"river","catch","MA"
145,"river","water","MA"
146,"river","find","MA"
147,"river","life","MA"
148,"river","leach","MA"
149,"river","dive","MA"
150,"river","discharge","MA"
151,"river","pour","MA"
152,"river","waste","MA"
153,"river","throw","MA"
154,"river","boat","MA"
155,"river","project","MA"
156,"river","work","MA"
157,"river","day","MA"
158,"river","access","MA"
159,"river","return","MA"
160,"river","way","MA"
161,"river","China","MA"
162,"river","England","MA"
163,"river","Wales","MA"
164,"river","Europe","MA"
165,"river","lava","MA"
166,"river","blood","MA"
167,"river","name","MA"
168,"river","world","MA"
169,"river","full","MA"
170,"river","able","MA"
171,"river","high","MA"
172,"river","bridge","MA"
173,"river","sit","MA"
174,"river","edge","MA"
175,"river","Britain","MA"
176,"river","London","MA"
177,"river","country","MA"
178,"river","drift","MA"
179,"river","travel","MA"
180,"river","sell","MA"
181,"river","arrive","MA"
182,"river","foot","MA"
183,"river","clean","MA"
184,"river","land","MA"
185,"river","poss","MA"
186,"river","VPing","MA"
187,"river","Sfin","MA"
188,"river","Swh","MA"
189,"river","VPto","MA"
190,"river","Sing","MA"
191,"river","Scond","MA"
1,"lane","narrow","EA"
2,"lane","winding","EA"
3,"lane","fast","EA"
4,"lane","inside","EA"
5,"lane","leafy","EA"
6,"lane","puddle","EA"
7,"lane","shipping","EA"
8,"lane","cobbled","EA"
9,"lane","overtaking","EA"
10,"lane","northbound","EA"
11,"lane","outside","EA"
12,"lane","southbound","EA"
13,"lane","muddy","EA"
14,"lane","rutted","EA"
15,"lane","quiet","EA"
16,"lane","nearside","EA"
17,"lane","guilder","EA"
18,"lane","twisting","EA"
19,"lane","right-hand","EA"
20,"lane","donkey","EA"
21,"lane","bus","EA"
22,"lane","pit","EA"
23,"lane","memory","EA"
24,"lane","green","EA"
25,"lane","Park","EA"
26,"lane","side-street","EA"
27,"lane","ng/µl","EA"
28,"lane","Battison","EA"
29,"lane","alley","EA"
30,"lane","pavilion","EA"
31,"lane","lane","EA"
32,"lane","Roberts","EA"
33,"lane","road","EA"
34,"lane","street","EA"
35,"lane","path","EA"
36,"lane","Lane","EA"
37,"lane","track","EA"
38,"lane","field","EA"
39,"lane","centre","EA"
40,"lane","mince","EA"
41,"lane","border","EA"
42,"lane","edge","EA"
43,"lane","block","EA"
44,"lane","compare","EA"
45,"lane","cross","EA"
46,"lane","close","EA"
47,"lane","reach","EA"
48,"lane","follow","EA"
49,"lane","call","EA"
50,"lane","use","EA"
51,"lane","provide","EA"
52,"lane","say","EA"
53,"lane","know","EA"
54,"lane","take","EA"
55,"lane","lead","EA"
56,"lane","run","EA"
57,"lane","link","EA"
58,"lane","drop","EA"
59,"lane","join","EA"
60,"lane","contain","EA"
61,"lane","turn","EA"
62,"lane","go","EA"
63,"lane","come","EA"
64,"lane","stay","EA"
65,"lane","drive","EA"
66,"lane","band","EA"
67,"lane","car","EA"
68,"lane","live","EA"
69,"lane","life","EA"
70,"lane","show","EA"
71,"lane","house","EA"
72,"lane","maze","EA"
73,"lane","stretch","EA"
74,"lane","junction","EA"
75,"lane","middle","EA"
76,"lane","bottom","EA"
77,"lane","corner","EA"
78,"lane","end","EA"
79,"lane","pair","EA"
80,"lane","side","EA"
81,"lane","network","EA"
82,"lane","trip","EA"
83,"lane","walk","EA"
84,"lane","closure","EA"
85,"lane","Fox","EA"
86,"lane","highway","EA"
87,"lane","restriction","EA"
88,"lane","traffic","EA"
89,"lane","school","EA"
90,"lane","carriageway","EA"
91,"lane","motorway","EA"
92,"lane","look","EA"
93,"lane","way","EA"
94,"lane","direction","EA"
95,"lane","wide","EA"
96,"lane","lover","EA"
97,"lane","VPing","EA"
98,"lane","Sfin","EA"
99,"lane","poss","EA"
100,"lane","Swh","EA"
101,"lane","VPto","EA"
1,"suit","furlong","CL"
2,"suit","trouser","CL"
3,"suit","Armani","CL"
4,"suit","boiler","CL"
5,"suit","style","CL"
6,"suit","manner","CL"
7,"suit","arrangement","CL"
8,"suit","play","CL"
9,"suit","method","CL"
10,"suit","shape","CL"
11,"suit","colour","CL"
12,"suit","job","CL"
13,"suit","one","CL"
14,"suit","approach","CL"
15,"suit","pattern","CL"
16,"suit","law","CL"
17,"suit","model","CL"
18,"suit","condition","CL"
19,"suit","course","CL"
20,"suit","way","CL"
21,"suit","place","CL"
22,"suit","life","CL"
23,"suit","system","CL"
24,"suit","house","CL"
25,"suit","time","CL"
26,"suit","taste","CL"
27,"suit","need","CL"
28,"suit","temperament","CL"
29,"suit","mood","CL"
30,"suit","convenience","CL"
31,"suit","requirement","CL"
32,"suit","purpose","CL"
33,"suit","circumstance","CL"
34,"suit","lifestyle","CL"
35,"suit","pocket","CL"
36,"suit","whim","CL"
37,"suit","occasion","CL"
38,"suit","colouring","CL"
39,"suit","thickness","CL"
40,"suit","layout","CL"
41,"suit","preference","CL"
42,"suit","wish","CL"
43,"suit","talent","CL"
44,"suit","size","CL"
45,"suit","fabric","CL"
46,"suit","height","CL"
47,"suit","atmosphere","CL"
48,"suit","audience","CL"
49,"suit","personality","CL"
50,"suit","ideally","CL"
51,"suit","best","CL"
52,"suit","better","CL"
53,"suit","admirably","CL"
54,"suit","eminently","CL"
55,"suit","uniquely","CL"
56,"suit","well","CL"
57,"suit","ill","CL"
58,"suit","perfectly","CL"
59,"suit","particularly","CL"
60,"suit","specially","CL"
61,"suit","genuinely","CL"
62,"suit","especially","CL"
63,"suit","naturally","CL"
64,"suit","longer","CL"
65,"suit","more","CL"
66,"suit","certainly","CL"
67,"suit","really","CL"
68,"suit","probably","CL"
69,"suit","either","CL"
70,"suit","both","CL"
71,"suit","most","CL"
72,"suit","clearly","CL"
73,"suit","almost","CL"
74,"suit","less","CL"
75,"suit","task","CL"
76,"suit","type","CL"
77,"suit","environment","CL"
78,"suit","garden","CL"
79,"suit","music","CL"
80,"suit","treatment","CL"
81,"suit","demand","CL"
82,"suit","production","CL"
83,"suit","situation","CL"
84,"suit","use","CL"
85,"suit","role","CL"
86,"suit","society","CL"
87,"suit","study","CL"
88,"suit","form","CL"
89,"suit","area","CL"
90,"suit","fine","CL"
91,"suit","available","CL"
92,"suit","on","CL"
93,"suit","up","CL"
94,"suit","down","CL"
95,"suit","passive","CL"
96,"suit","Sfin","CL"
97,"suit","np_pp","CL"
98,"suit","it+","CL"
99,"suit","reflexive","CL"
100,"suit","prep_ing","CL"
101,"suit","np_np","CL"
102,"suit","VPto","CL"
103,"suit","np_VPto","CL"
104,"suit","np_sfin","CL"
105,"suit","Swh","CL"
106,"suit","quote","CL"
107,"suit","prep_Sing","CL"
108,"suit","prep_wh","CL"
109,"suit","part_pp","CL"
110,"suit","Sing","CL"
111,"suit","np_VPing","CL"
112,"suit","VPing","CL"
1,"wound","gunshot","BO"
2,"wound","stab","BO"
3,"wound","gaping","BO"
4,"wound","self-inflicted","BO"
5,"wound","bullet","BO"
6,"wound","shotgun","BO"
7,"wound","shrapnel","BO"
8,"wound","mortal","BO"
9,"wound","puncture","BO"
10,"wound","gun-shot","BO"
11,"wound","abdominal","BO"
12,"wound","healing","BO"
13,"wound","lacerated","BO"
14,"wound","bleeding","BO"
15,"wound","surgical","BO"
16,"wound","contaminated","BO"
17,"wound","facial","BO"
18,"wound","infected","BO"
19,"wound","horrible","BO"
20,"wound","multiple","BO"
21,"wound","knife","BO"
22,"wound","mechanical","BO"
23,"wound","automatic","BO"
24,"wound","minor","BO"
25,"wound","head","BO"
26,"wound","heal","BO"
27,"wound","lick","BO"
28,"wound","inflict","BO"
29,"wound","regenerate","BO"
30,"wound","nurse","BO"
31,"wound","reopen","BO"
32,"wound","bandage","BO"
33,"wound","probe","BO"
34,"wound","clean","BO"
35,"wound","suffer","BO"
36,"wound","sustain","BO"
37,"wound","dress","BO"
38,"wound","score","BO"
39,"wound","wash","BO"
40,"wound","expose","BO"
41,"wound","receive","BO"
42,"wound","examine","BO"
43,"wound","cause","BO"
44,"wound","touch","BO"
45,"wound","open","BO"
46,"wound","treat","BO"
47,"wound","cover","BO"
48,"wound","close","BO"
49,"wound","bind","BO"
50,"wound","leave","BO"
51,"wound","laceration","BO"
52,"wound","sore","BO"
53,"wound","scar","BO"
54,"wound","rainbow","BO"
55,"wound","cut","BO"
56,"wound","injury","BO"
57,"wound","die","BO"
58,"wound","edge","BO"
59,"wound","mass","BO"
60,"wound","result","BO"
61,"wound","site","BO"
62,"wound","management","BO"
63,"wound","number","BO"
64,"wound","bleed","BO"
65,"wound","kill","BO"
66,"wound","begin","BO"
67,"wound","become","BO"
68,"wound","margin","BO"
69,"wound","drain","BO"
70,"wound","closure","BO"
71,"wound","infection","BO"
72,"wound","string","BO"
73,"wound","front","BO"
74,"wound","care","BO"
75,"wound","response","BO"
76,"wound","recover","BO"
77,"wound","blood","BO"
78,"wound","pain","BO"
79,"wound","chest","BO"
80,"wound","leg","BO"
81,"wound","back","BO"
82,"wound","hospital","BO"
83,"wound","find","BO"
84,"wound","stitch","BO"
85,"wound","salt","BO"
86,"wound","deep","BO"
87,"wound","entry","BO"
88,"wound","reduce","BO"
89,"wound","body","BO"
90,"wound","tie","BO"
91,"wound","look","BO"
92,"wound","poss","BO"
93,"wound","Sfin","BO"
94,"wound","Swh","BO"
95,"wound","VPing","BO"
96,"wound","VPto","BO"
1,"lunchroom","tiny","F&D"
2,"lunchroom","Sfin","F&D"
1,"water","supply","EA"
2,"water","supplies","EA"
3,"water","temperature","EA"
4,"water","vapour","EA"
5,"water","tank","EA"
6,"water","gypsy","EA"
7,"water","pollution","EA"
8,"water","heater","EA"
9,"water","cylinder","EA"
10,"water","pipe","EA"
11,"water","cistern","EA"
12,"water","quality","EA"
13,"water","reactor","EA"
14,"water","wheel","EA"
15,"water","molecule","EA"
16,"water","bottle","EA"
17,"water","Newton","EA"
18,"water","privatisation","EA"
19,"water","main","EA"
20,"water","authority","EA"
21,"water","absorption","EA"
22,"water","lily","EA"
23,"water","meter","EA"
24,"water","heating","EA"
25,"water","sport","EA"
26,"water","hot","EA"
27,"water","drinking","EA"
28,"water","cold","EA"
29,"water","boiling","EA"
30,"water","fresh","EA"
31,"water","mineral","EA"
32,"water","running","EA"
33,"water","Thames","EA"
34,"water","warm","EA"
35,"water","shallow","EA"
36,"water","tap","EA"
37,"water","clean","EA"
38,"water","salt","EA"
39,"water","distilled","EA"
40,"water","deep","EA"
41,"water","sea","EA"
42,"water","soft","EA"
43,"water","soapy","EA"
44,"water","salted","EA"
45,"water","dirty","EA"
46,"water","bottled","EA"
47,"water","deeper","EA"
48,"water","brackish","EA"
49,"water","pure","EA"
50,"water","anglian","EA"
51,"water","pump","EA"
52,"water","pour","EA"
53,"water","drink","EA"
54,"water","heat","EA"
55,"water","boil","EA"
56,"water","tread","EA"
57,"water","fetch","EA"
58,"water","splash","EA"
59,"water","contaminate","EA"
60,"water","pollute","EA"
61,"water","cool","EA"
62,"water","absorb","EA"
63,"water","conserve","EA"
64,"water","test","EA"
65,"water","drain","EA"
66,"water","add","EA"
67,"water","drip","EA"
68,"water","filter","EA"
69,"water","divert","EA"
70,"water","collect","EA"
71,"water","suck","EA"
72,"water","sip","EA"
73,"water","throw","EA"
74,"water","bucket","EA"
75,"water","gallon","EA"
76,"water","bowl","EA"
77,"water","stretch","EA"
78,"water","litre","EA"
79,"water","pan","EA"
80,"water","glass","EA"
81,"water","pint","EA"
82,"water","jug","EA"
83,"water","drop","EA"
84,"water","tablespoon","EA"
85,"water","surface","EA"
86,"water","pail","EA"
87,"water","flow","EA"
88,"water","trickle","EA"
89,"water","inch","EA"
90,"water","quantity","EA"
91,"water","expanse","EA"
92,"water","volume","EA"
93,"water","amount","EA"
94,"water","ml","EA"
95,"water","pool","EA"
96,"water","electricity","EA"
97,"water","soap","EA"
98,"water","dioxide","EA"
99,"water","food","EA"
100,"water","mud","EA"
101,"water","soil","EA"
102,"water","sewerage","EA"
103,"water","air","EA"
104,"water","gas","EA"
105,"water","sanitation","EA"
106,"water","bread","EA"
107,"water","sand","EA"
108,"water","nutrient","EA"
109,"water","juice","EA"
110,"water","electrolyte","EA"
111,"water","detergent","EA"
112,"water","drainage","EA"
113,"water","sewage","EA"
114,"water","wind","EA"
115,"water","hell","EA"
116,"water","powder","EA"
117,"water","sugar","EA"
118,"water","wine","EA"
119,"water","seep","EA"
120,"water","gush","EA"
121,"water","cascade","EA"
122,"water","swirl","EA"
123,"water","lap","EA"
124,"water","evaporate","EA"
125,"water","leak","EA"
126,"water","rush","EA"
127,"water","soak","EA"
128,"water","stream","EA"
129,"water","percolate","EA"
130,"water","slop","EA"
131,"water","spill","EA"
132,"water","freeze","EA"
133,"water","penetrate","EA"
134,"water","run","EA"
135,"water","tumble","EA"
136,"water","dissolve","EA"
137,"water","soluble","EA"
138,"water","nitrate","EA"
139,"water","immerse","EA"
140,"water","wash","EA"
141,"water","swim","EA"
142,"water","rinse","EA"
143,"water","float","EA"
144,"water","insoluble","EA"
145,"water","dip","EA"
146,"water","immersion","EA"
147,"water","alga","EA"
148,"water","dangle","EA"
149,"water","submerge","EA"
150,"water","oxygen","EA"
151,"water","pesticide","EA"
152,"water","toe","EA"
153,"water","reflection","EA"
154,"water","suspend","EA"
155,"water","waist","EA"
156,"water","land","EA"
157,"water","lie","EA"
158,"water","dilute","EA"
159,"water","mix","EA"
160,"water","fill","EA"
161,"water","saucepan","EA"
162,"water","spray","EA"
163,"water","sprinkle","EA"
164,"water","react","EA"
165,"water","jar","EA"
166,"water","contact","EA"
167,"water","pot","EA"
168,"water","bath","EA"
169,"water","cover","EA"
170,"water","associate","EA"
171,"water","face","EA"
172,"water","kettle","EA"
173,"water","aquarium","EA"
174,"water","sink","EA"
175,"water","basin","EA"
176,"water","river","EA"
177,"water","Scotland","EA"
178,"water","garden","EA"
179,"water","area","EA"
180,"water","place","EA"
181,"water","hand","EA"
182,"water","form","EA"
183,"water","world","EA"
184,"water","part","EA"
185,"water","system","EA"
186,"water","way","EA"
187,"water","resistant","EA"
188,"water","alkaline","EA"
189,"water","scarce","EA"
190,"water","available","EA"
191,"water","thick","EA"
192,"water","clear","EA"
193,"water","close","EA"
194,"water","sufficient","EA"
195,"water","hard","EA"
196,"water","essential","EA"
197,"water","necessary","EA"
198,"water","low","EA"
199,"water","free","EA"
200,"water","full","EA"
201,"water","high","EA"
202,"water","likely","EA"
203,"water","important","EA"
204,"water","well","EA"
205,"water","reservoir","EA"
206,"water","spring","EA"
207,"water","mine","EA"
208,"water","roof","EA"
209,"water","rock","EA"
210,"water","source","EA"
211,"water","hair","EA"
212,"water","dive","EA"
213,"water","plunge","EA"
214,"water","jump","EA"
215,"water","slide","EA"
216,"water","step","EA"
217,"water","fall","EA"
218,"water","roll","EA"
219,"water","go","EA"
220,"water","get","EA"
221,"water","duck","EA"
222,"water","access","EA"
223,"water","acid","EA"
224,"water","return","EA"
225,"water","turn","EA"
226,"water","take","EA"
227,"water","come","EA"
228,"water","Bourton","EA"
229,"water","walk","EA"
230,"water","rely","EA"
231,"water","depend","EA"
232,"water","oil","EA"
233,"water","light","EA"
234,"water","min","EA"
235,"water","washing","EA"
236,"water","seconds","EA"
237,"water","minute","EA"
238,"water","hour","EA"
239,"water","fish","EA"
240,"water","week","EA"
241,"water","day","EA"
242,"water","time","EA"
243,"water","year","EA"
244,"water","demand","EA"
245,"water","wait","EA"
246,"water","pay","EA"
247,"water","ask","EA"
248,"water","need","EA"
249,"water","acidity","EA"
250,"water","ph","EA"
251,"water","emerge","EA"
252,"water","rise","EA"
253,"water","foot","EA"
254,"water","problem","EA"
255,"water","surround","EA"
256,"water","affect","EA"
257,"water","cause","EA"
258,"water","death","EA"
259,"water","Leith","EA"
260,"water","Walkway","EA"
261,"water","bay","EA"
262,"water","life","EA"
263,"water","brain","EA"
264,"water","floor","EA"
265,"water","side","EA"
266,"water","bottom","EA"
267,"water","pressure","EA"
268,"water","rate","EA"
269,"water","end","EA"
270,"water","edge","EA"
271,"water","in","EA"
272,"water","down","EA"
273,"water","off","EA"
274,"water","over","EA"
275,"water","out","EA"
276,"water","on","EA"
277,"water","back","EA"
278,"water","up","EA"
279,"water","teapot","EA"
280,"water","disappear","EA"
281,"water","stay","EA"
282,"water","head","EA"
283,"water","wade","EA"
284,"water","move","EA"
285,"water","bridge","EA"
286,"water","look","EA"
287,"water","stare","EA"
288,"water","Russell","EA"
289,"water","Britain","EA"
290,"water","pick","EA"
291,"water","medium","EA"
292,"water","VPing","EA"
293,"water","VPto","EA"
294,"water","Sfin","EA"
295,"water","poss","EA"
296,"water","Swh","EA"
297,"water","Sing","EA"
298,"water","Scond","EA"
299,"water","Sforto","EA"
300,"water","it+","EA"
1,"body","governing","BO"
2,"body","recognised","BO"
3,"body","professional","BO"
4,"body","regulatory","BO"
5,"body","whole","BO"
6,"body","dead","BO"
7,"body","voluntary","BO"
8,"body","human","BO"
9,"body","advisory","BO"
10,"body","naked","BO"
11,"body","public","BO"
12,"body","main","BO"
13,"body","independent","BO"
14,"body","statutory","BO"
15,"body","legislative","BO"
16,"body","lead","BO"
17,"body","representative","BO"
18,"body","corporate","BO"
19,"body","female","BO"
20,"body","entire","BO"
21,"body","upper","BO"
22,"body","outside","BO"
23,"body","ruling","BO"
24,"body","decision-making","BO"
25,"body","review","BO"
26,"body","discover","BO"
27,"body","bury","BO"
28,"body","recover","BO"
29,"body","find","BO"
30,"body","dump","BO"
31,"body","twist","BO"
32,"body","drag","BO"
33,"body","govern","BO"
34,"body","rack","BO"
35,"body","press","BO"
36,"body","arch","BO"
37,"body","wrap","BO"
38,"body","wash","BO"
39,"body","hide","BO"
40,"body","tense","BO"
41,"body","cover","BO"
42,"body","stretch","BO"
43,"body","relax","BO"
44,"body","establish","BO"
45,"body","identify","BO"
46,"body","jerk","BO"
47,"body","clothe","BO"
48,"body","burn","BO"
49,"body","lower","BO"
50,"body","embalm","BO"
51,"body","soul","BO"
52,"body","mind","BO"
53,"body","limb","BO"
54,"body","neck","BO"
55,"body","fin","BO"
56,"body","brain","BO"
57,"body","antrum","BO"
58,"body","tribunal","BO"
59,"body","Leas","BO"
60,"body","leg","BO"
61,"body","lawyer","BO"
62,"body","quango","BO"
63,"body","head","BO"
64,"body","blood","BO"
65,"body","institution","BO"
66,"body","person","BO"
67,"body","axon","BO"
68,"body","organ","BO"
69,"body","chassis","BO"
70,"body","volume","BO"
71,"body","spirit","BO"
72,"body","association","BO"
73,"body","solicitor","BO"
74,"body","face","BO"
75,"body","organisation","BO"
76,"body","tremble","BO"
77,"body","ache","BO"
78,"body","lie","BO"
79,"body","stiffen","BO"
80,"body","shudder","BO"
81,"body","sag","BO"
82,"body","quiver","BO"
83,"body","respond","BO"
84,"body","tingle","BO"
85,"body","float","BO"
86,"body","lay","BO"
87,"body","react","BO"
88,"body","shake","BO"
89,"body","exercise","BO"
90,"body","convulse","BO"
91,"body","throb","BO"
92,"body","glisten","BO"
93,"body","sway","BO"
94,"body","regulate","BO"
95,"body","twitch","BO"
96,"body","warmth","BO"
97,"body","rest","BO"
98,"body","esquire","BO"
99,"body","part","BO"
100,"body","discovery","BO"
101,"body","contour","BO"
102,"body","dispose","BO"
103,"body","length","BO"
104,"body","creation","BO"
105,"body","half","BO"
106,"body","weight","BO"
107,"body","curve","BO"
108,"body","hardness","BO"
109,"body","underside","BO"
110,"body","ashamed","BO"
111,"body","muscle","BO"
112,"body","establishment","BO"
113,"body","feel","BO"
114,"body","inch","BO"
115,"body","heir","BO"
116,"body","aware","BO"
117,"body","formation","BO"
118,"body","outline","BO"
119,"body","clock","BO"
120,"body","politic","BO"
121,"body","fluid","BO"
122,"body","temperature","BO"
123,"body","fat","BO"
124,"body","mass","BO"
125,"body","language","BO"
126,"body","shop","BO"
127,"body","lotion","BO"
128,"body","armour","BO"
129,"body","heat","BO"
130,"body","ulcer","BO"
131,"body","scanner","BO"
132,"body","odour","BO"
133,"body","size","BO"
134,"body","cavity","BO"
135,"body","posture","BO"
136,"body","shape","BO"
137,"body","index","BO"
138,"body","tissue","BO"
139,"body","blow","BO"
140,"body","massage","BO"
141,"body","builder","BO"
142,"body","count","BO"
143,"body","Christ","BO"
144,"body","knowledge","BO"
145,"body","opinion","BO"
146,"body","evidence","BO"
147,"body","Marcos","BO"
148,"body","literature","BO"
149,"body","neuron","BO"
150,"body","text","BO"
151,"body","sport","BO"
152,"body","victim","BO"
153,"body","writing","BO"
154,"body","expertise","BO"
155,"body","essay","BO"
156,"body","troops","BO"
157,"body","law","BO"
158,"body","soldier","BO"
159,"body","datum","BO"
160,"body","animal","BO"
161,"body","thought","BO"
162,"body","work","BO"
163,"body","water","BO"
164,"body","creature","BO"
165,"body","man","BO"
166,"body","research","BO"
167,"body","material","BO"
168,"body","dancer","BO"
169,"body","caveman","BO"
170,"body","Mowbray","BO"
171,"body","Campbell","BO"
172,"body","insect","BO"
173,"body","king","BO"
174,"body","Brown","BO"
175,"body","woman","BO"
176,"body","Woman","BO"
177,"body","James","BO"
178,"body","girl","BO"
179,"body","fish","BO"
180,"body","mother","BO"
181,"body","husband","BO"
182,"body","bird","BO"
183,"body","partner","BO"
184,"body","baby","BO"
185,"body","father","BO"
186,"body","taut","BO"
187,"body","rigid","BO"
188,"body","responsible","BO"
189,"body","accountable","BO"
190,"body","capable","BO"
191,"body","warm","BO"
192,"body","concerned","BO"
193,"body","alive","BO"
194,"body","fit","BO"
195,"body","positive","BO"
196,"body","involved","BO"
197,"body","beautiful","BO"
198,"body","clean","BO"
199,"body","hot","BO"
200,"body","active","BO"
201,"body","ready","BO"
202,"body","able","BO"
203,"body","close","BO"
204,"body","cold","BO"
205,"body","similar","BO"
206,"body","free","BO"
207,"body","likely","BO"
208,"body","nerve","BO"
209,"body","bone","BO"
210,"body","accumulate","BO"
211,"body","tension","BO"
212,"body","trap","BO"
213,"body","share","BO"
214,"body","cell","BO"
215,"body","store","BO"
216,"body","breath","BO"
217,"body","gene","BO"
218,"body","present","BO"
219,"body","happen","BO"
220,"body","change","BO"
221,"body","live","BO"
222,"body","role","BO"
223,"body","leave","BO"
224,"body","cling","BO"
225,"body","applicable","BO"
226,"body","belong","BO"
227,"body","attach","BO"
228,"body","listen","BO"
229,"body","angle","BO"
230,"body","refer","BO"
231,"body","appointment","BO"
232,"body","relate","BO"
233,"body","election","BO"
234,"body","attitude","BO"
235,"body","apply","BO"
236,"body","attention","BO"
237,"body","available","BO"
238,"body","power","BO"
239,"body","body","BO"
240,"body","turn","BO"
241,"body","give","BO"
242,"body","come","BO"
243,"body","go","BO"
244,"body","bath","BO"
245,"body","fall","BO"
246,"body","Wales","BO"
247,"body","Uk","BO"
248,"body","way","BO"
249,"body","Britain","BO"
250,"body","country","BO"
251,"body","field","BO"
252,"body","question","BO"
253,"body","car","BO"
254,"body","room","BO"
255,"body","position","BO"
256,"body","world","BO"
257,"body","state","BO"
258,"body","place","BO"
259,"body","kneel","BO"
260,"body","approve","BO"
261,"body","own","BO"
262,"body","perform","BO"
263,"body","support","BO"
264,"body","cause","BO"
265,"body","produce","BO"
266,"body","set","BO"
267,"body","provide","BO"
268,"body","use","BO"
269,"body","make","BO"
270,"body","mark","BO"
271,"body","strain","BO"
272,"body","stress","BO"
273,"body","representation","BO"
274,"body","effect","BO"
275,"body","serve","BO"
276,"body","represent","BO"
277,"body","hair","BO"
278,"body","hand","BO"
279,"body","point","BO"
280,"body","remove","BO"
281,"body","liaison","BO"
282,"body","contact","BO"
283,"body","happy","BO"
284,"body","associate","BO"
285,"body","deal","BO"
286,"body","discussion","BO"
287,"body","agreement","BO"
288,"body","relationship","BO"
289,"body","metabolism","BO"
290,"body","mechanism","BO"
291,"body","defence","BO"
292,"body","resistance","BO"
293,"body","reaction","BO"
294,"body","response","BO"
295,"body","ability","BO"
296,"body","system","BO"
297,"body","need","BO"
298,"body","member","BO"
299,"body","company","BO"
300,"body","thing","BO"
301,"body","arrange","BO"
302,"body","look","BO"
303,"body","interest","BO"
304,"body","burial","BO"
305,"body","chapter","BO"
306,"body","purpose","BO"
307,"body","sector","BO"
308,"body","industry","BO"
309,"body","time","BO"
310,"body","commission","BO"
311,"body","council","BO"
312,"body","side","BO"
313,"body","act","BO"
314,"body","see","BO"
315,"body","course","BO"
316,"body","spread","BO"
317,"body","pass","BO"
318,"body","run","BO"
319,"body","introduce","BO"
320,"body","get","BO"
321,"body","beach","BO"
322,"body","floor","BO"
323,"body","control","BO"
324,"body","round","BO"
325,"body","back","BO"
326,"body","down","BO"
327,"body","over","BO"
328,"body","up","BO"
329,"body","out","BO"
330,"body","build","BO"
331,"body","cut","BO"
332,"body","information","BO"
333,"body","think","BO"
334,"body","site","BO"
335,"body","result","BO"
336,"body","virtue","BO"
337,"body","move","BO"
338,"body","poss","BO"
339,"body","VPing","BO"
340,"body","VPto","BO"
341,"body","Sfin","BO"
342,"body","Swh","BO"
343,"body","Sing","BO"
344,"body","it+","BO"
345,"body","Sforto","BO"
1,"cheese","grated","F&D"
2,"cheese","parmesan","F&D"
3,"cheese","cream","F&D"
4,"cheese","Cheddar","F&D"
5,"cheese","cottage","F&D"
6,"cheese","feta","F&D"
7,"cheese","low-fat","F&D"
8,"cheese","mozzarellum","F&D"
9,"cheese","cheddar","F&D"
10,"cheese","curd","F&D"
11,"cheese","toasted","F&D"
12,"cheese","farmhouse","F&D"
13,"cheese","ricotta","F&D"
14,"cheese","macaroni","F&D"
15,"cheese","gruyère","F&D"
16,"cheese","soft","F&D"
17,"cheese","Stilton","F&D"
18,"cheese","cauliflower","F&D"
19,"cheese","Cheshire","F&D"
20,"cheese","milk","F&D"
21,"cheese","Wensleydale","F&D"
22,"cheese","unpasteurised","F&D"
23,"cheese","Philadelphia","F&D"
24,"cheese","wensleydale","F&D"
25,"cheese","bread","F&D"
26,"cheese","butter","F&D"
27,"cheese","ham","F&D"
28,"cheese","biscuit","F&D"
29,"cheese","chalk","F&D"
30,"cheese","yoghurt","F&D"
31,"cheese","yogurt","F&D"
32,"cheese","tomato","F&D"
33,"cheese","spinach","F&D"
34,"cheese","salad","F&D"
35,"cheese","onion","F&D"
36,"cheese","cheese","F&D"
37,"cheese","meat","F&D"
38,"cheese","egg","F&D"
39,"cheese","breadcrumb","F&D"
40,"cheese","sandwich","F&D"
41,"cheese","sausage","F&D"
42,"cheese","bacon","F&D"
43,"cheese","grill","F&D"
44,"cheese","Marmite","F&D"
45,"cheese","pineapple","F&D"
46,"cheese","chive","F&D"
47,"cheese","salami","F&D"
48,"cheese","grate","F&D"
49,"cheese","Beat","F&D"
50,"cheese","sprinkle","F&D"
51,"cheese","flavour","F&D"
52,"cheese","eat","F&D"
53,"cheese","mix","F&D"
54,"cheese","scatter","F&D"
55,"cheese","store","F&D"
56,"cheese","wrap","F&D"
57,"cheese","like","F&D"
58,"cheese","cut","F&D"
59,"cheese","serve","F&D"
60,"cheese","avoid","F&D"
61,"cheese","add","F&D"
62,"cheese","sell","F&D"
63,"cheese","buy","F&D"
64,"cheese","produce","F&D"
65,"cheese","make","F&D"
66,"cheese","get","F&D"
67,"cheese","include","F&D"
68,"cheese","want","F&D"
69,"cheese","try","F&D"
70,"cheese","put","F&D"
71,"cheese","use","F&D"
72,"cheese","soufflé","F&D"
73,"cheese","fondue","F&D"
74,"cheese","grater","F&D"
75,"cheese","filling","F&D"
76,"cheese","omelette","F&D"
77,"cheese","slice","F&D"
78,"cheese","roll","F&D"
79,"cheese","sauce","F&D"
80,"cheese","straw","F&D"
81,"cheese","dairy","F&D"
82,"cheese","spread","F&D"
83,"cheese","mixture","F&D"
84,"cheese","cake","F&D"
85,"cheese","dish","F&D"
86,"cheese","wire","F&D"
87,"cheese","factory","F&D"
88,"cheese","shop","F&D"
89,"cheese","box","F&D"
90,"cheese","press","F&D"
91,"cheese","board","F&D"
92,"cheese","plant","F&D"
93,"cheese","market","F&D"
94,"cheese","oz.","F&D"
95,"cheese","hunk","F&D"
96,"cheese","chunk","F&D"
97,"cheese","lump","F&D"
98,"cheese","piece","F&D"
99,"cheese","bit","F&D"
100,"cheese","pound","F&D"
101,"cheese","selection","F&D"
102,"cheese","variety","F&D"
103,"cheese","type","F&D"
104,"cheese","fill","F&D"
105,"cheese","melt","F&D"
106,"cheese","look","F&D"
107,"cheese","available","F&D"
108,"cheese","ewe","F&D"
109,"cheese","goat","F&D"
110,"cheese","cow","F&D"
111,"cheese","sheep","F&D"
112,"cheese","toast","F&D"
113,"cheese","top","F&D"
114,"cheese","England","F&D"
115,"cheese","cube","F&D"
116,"cheese","stir","F&D"
117,"cheese","poss","F&D"
118,"cheese","Sfin","F&D"
119,"cheese","VPto","F&D"
120,"cheese","VPing","F&D"
121,"cheese","Swh","F&D"
1,"metal","detector","MA"
2,"metal","ion","MA"
3,"metal","mesh","MA"
4,"metal","oxide","MA"
5,"metal","Mickey","MA"
6,"metal","alloy","MA"
7,"metal","plate","MA"
8,"metal","spoon","MA"
9,"metal","cation","MA"
10,"metal","grille","MA"
11,"metal","polish","MA"
12,"metal","rod","MA"
13,"metal","cage","MA"
14,"metal","sulphide","MA"
15,"metal","frame","MA"
16,"metal","box","MA"
17,"metal","fence","MA"
18,"metal","atom","MA"
19,"metal","fatigue","MA"
20,"metal","spike","MA"
21,"metal","artefact","MA"
22,"metal","mineralisation","MA"
23,"metal","stent","MA"
24,"metal","fitting","MA"
25,"metal","complex","MA"
26,"metal","precious","MA"
27,"metal","scrap","MA"
28,"metal","molten","MA"
29,"metal","non-ferrous","MA"
30,"metal","heavy","MA"
31,"metal","platinum","MA"
32,"metal","noble","MA"
33,"metal","transition","MA"
34,"metal","toxic","MA"
35,"metal","twisted","MA"
36,"metal","thrash","MA"
37,"metal","alkali","MA"
38,"metal","trace","MA"
39,"metal","base","MA"
40,"metal","ductile","MA"
41,"metal","sheet","MA"
42,"metal","shining","MA"
43,"metal","bare","MA"
44,"metal","aluminium","MA"
45,"metal","shiny","MA"
46,"metal","zinc","MA"
47,"metal","radioactive","MA"
48,"metal","hot","MA"
49,"metal","rare","MA"
50,"metal","copper","MA"
51,"metal","non-metal","MA"
52,"metal","plastic","MA"
53,"metal","ceramic","MA"
54,"metal","wood","MA"
55,"metal","textile","MA"
56,"metal","mineral","MA"
57,"metal","clay","MA"
58,"metal","metal","MA"
59,"metal","glass","MA"
60,"metal","chemical","MA"
61,"metal","jewellery","MA"
62,"metal","acid","MA"
63,"metal","stone","MA"
64,"metal","silver","MA"
65,"metal","steel","MA"
66,"metal","gold","MA"
67,"metal","iron","MA"
68,"metal","paper","MA"
69,"metal","material","MA"
70,"metal","industry","MA"
71,"metal","water","MA"
72,"metal","lump","MA"
73,"metal","absorption","MA"
74,"metal","chunk","MA"
75,"metal","ton","MA"
76,"metal","piece","MA"
77,"metal","strip","MA"
78,"metal","tonne","MA"
79,"metal","compound","MA"
80,"metal","bit","MA"
81,"metal","concentration","MA"
82,"metal","mixture","MA"
83,"metal","layer","MA"
84,"metal","quantity","MA"
85,"metal","property","MA"
86,"metal","sound","MA"
87,"metal","source","MA"
88,"metal","surface","MA"
89,"metal","price","MA"
90,"metal","kind","MA"
91,"metal","amount","MA"
92,"metal","level","MA"
93,"metal","use","MA"
94,"metal","make","MA"
95,"metal","pour","MA"
96,"metal","tear","MA"
97,"metal","steal","MA"
98,"metal","remove","MA"
99,"metal","supply","MA"
100,"metal","contain","MA"
101,"metal","employ","MA"
102,"metal","cut","MA"
103,"metal","obtain","MA"
104,"metal","produce","MA"
105,"metal","involve","MA"
106,"metal","turn","MA"
107,"metal","work","MA"
108,"metal","find","MA"
109,"metal","clip","MA"
110,"metal","detect","MA"
111,"metal","finish","MA"
112,"metal","form","MA"
113,"metal","begin","MA"
114,"metal","cast","MA"
115,"metal","ltd","MA"
116,"metal","juice","MA"
117,"metal","VPing","MA"
118,"metal","Sfin","MA"
119,"metal","Sing","MA"
120,"metal","Swh","MA"
121,"metal","poss","MA"
122,"metal","VPto","MA"
1,"foot","stamp","BO"
2,"foot","shuffle","BO"
3,"foot","drag","BO"
4,"foot","flex","BO"
5,"foot","plant","BO"
6,"foot","tap","BO"
7,"foot","lift","BO"
8,"foot","swing","BO"
9,"foot","put","BO"
10,"foot","wet","BO"
11,"foot","wash","BO"
12,"foot","set","BO"
13,"foot","slide","BO"
14,"foot","measure","BO"
15,"foot","boot","BO"
16,"foot","brace","BO"
17,"foot","wipe","BO"
18,"foot","thrust","BO"
19,"foot","stand","BO"
20,"foot","plunge","BO"
21,"foot","place","BO"
22,"foot","soak","BO"
23,"foot","jump","BO"
24,"foot","hurt","BO"
25,"foot","kick","BO"
26,"foot","bare","BO"
27,"foot","square","BO"
28,"foot","cubic","BO"
29,"foot","left","BO"
30,"foot","front","BO"
31,"foot","webbed","BO"
32,"foot","hind","BO"
33,"foot","booted","BO"
34,"foot","stockinged","BO"
35,"foot","rear","BO"
36,"foot","running","BO"
37,"foot","right","BO"
38,"foot","kicking","BO"
39,"foot","mast","BO"
40,"foot","itchy","BO"
41,"foot","sandalled","BO"
42,"foot","sore","BO"
43,"foot","cold","BO"
44,"foot","swollen","BO"
45,"foot","injured","BO"
46,"foot","aching","BO"
47,"foot","flat","BO"
48,"foot","slippered","BO"
49,"foot","stamping","BO"
50,"foot","ankle","BO"
51,"foot","inch","BO"
52,"foot","leg","BO"
53,"foot","hand","BO"
54,"foot","toe","BO"
55,"foot","knee","BO"
56,"foot","fist","BO"
57,"foot","calf","BO"
58,"foot","foot","BO"
59,"foot","yard","BO"
60,"foot","chest","BO"
61,"foot","shoe","BO"
62,"foot","head","BO"
63,"foot","arm","BO"
64,"foot","horse","BO"
65,"foot","chair","BO"
66,"foot","back","BO"
67,"foot","floor","BO"
68,"foot","finger","BO"
69,"foot","length","BO"
70,"foot","wall","BO"
71,"foot","stone","BO"
72,"foot","shoulder","BO"
73,"foot","eye","BO"
74,"foot","scramble","BO"
75,"foot","leap","BO"
76,"foot","rise","BO"
77,"foot","spring","BO"
78,"foot","struggle","BO"
79,"foot","stagger","BO"
80,"foot","clamber","BO"
81,"foot","lurch","BO"
82,"foot","stumble","BO"
83,"foot","climb","BO"
84,"foot","Get","BO"
85,"foot","get","BO"
86,"foot","roll","BO"
87,"foot","crowd","BO"
88,"foot","extend","BO"
89,"foot","grow","BO"
90,"foot","come","BO"
91,"foot","stair","BO"
92,"foot","cliff","BO"
93,"foot","clay","BO"
94,"foot","wold","BO"
95,"foot","crag","BO"
96,"foot","ladder","BO"
97,"foot","climbing","BO"
98,"foot","hill","BO"
99,"foot","staircase","BO"
100,"foot","bed","BO"
101,"foot","page","BO"
102,"foot","snow","BO"
103,"foot","mountain","BO"
104,"foot","slope","BO"
105,"foot","ridge","BO"
106,"foot","space","BO"
107,"foot","step","BO"
108,"foot","gas","BO"
109,"foot","water","BO"
110,"foot","cross","BO"
111,"foot","table","BO"
112,"foot","Jesus","BO"
113,"foot","tower","BO"
114,"foot","tree","BO"
115,"foot","tall","BO"
116,"foot","deep","BO"
117,"foot","wide","BO"
118,"foot","high","BO"
119,"foot","long","BO"
120,"foot","shorter","BO"
121,"foot","thick","BO"
122,"foot","wrong","BO"
123,"foot","lower","BO"
124,"foot","higher","BO"
125,"foot","short","BO"
126,"foot","free","BO"
127,"foot","clear","BO"
128,"foot","ache","BO"
129,"foot","crunch","BO"
130,"foot","slip","BO"
131,"foot","dangle","BO"
132,"foot","touch","BO"
133,"foot","trample","BO"
134,"foot","twitch","BO"
135,"foot","sink","BO"
136,"foot","rest","BO"
137,"foot","point","BO"
138,"foot","sweep","BO"
139,"foot","hit","BO"
140,"foot","stick","BO"
141,"foot","strike","BO"
142,"foot","drop","BO"
143,"foot","move","BO"
144,"foot","patrol","BO"
145,"foot","controller","BO"
146,"foot","massage","BO"
147,"foot","tank","BO"
148,"foot","diameter","BO"
149,"foot","soldier","BO"
150,"foot","pedal","BO"
151,"foot","putt","BO"
152,"foot","gauge","BO"
153,"foot","passenger","BO"
154,"foot","placement","BO"
155,"foot","injury","BO"
156,"foot","traffic","BO"
157,"foot","pole","BO"
158,"foot","print","BO"
159,"foot","guard","BO"
160,"foot","shot","BO"
161,"foot","nestle","BO"
162,"foot","kneel","BO"
163,"foot","heap","BO"
164,"foot","display","BO"
165,"foot","situate","BO"
166,"foot","sit","BO"
167,"foot","lie","BO"
168,"foot","stare","BO"
169,"foot","land","BO"
170,"foot","grass","BO"
171,"foot","lay","BO"
172,"foot","fly","BO"
173,"foot","fall","BO"
174,"foot","ground","BO"
175,"foot","bag","BO"
176,"foot","look","BO"
177,"foot","appear","BO"
178,"foot","stop","BO"
179,"foot","start","BO"
180,"foot","world","BO"
181,"foot","sole","BO"
182,"foot","depth","BO"
183,"foot","altitude","BO"
184,"foot","patter","BO"
185,"foot","height","BO"
186,"foot","span","BO"
187,"foot","wingspan","BO"
188,"foot","regiment","BO"
189,"foot","ball","BO"
190,"foot","couple","BO"
191,"foot","heel","BO"
192,"foot","width","BO"
193,"foot","arch","BO"
194,"foot","distance","BO"
195,"foot","sound","BO"
196,"foot","pair","BO"
197,"foot","turn","BO"
198,"foot","size","BO"
199,"foot","movement","BO"
200,"foot","top","BO"
201,"foot","unsteady","BO"
202,"foot","tread","BO"
203,"foot","sway","BO"
204,"foot","steady","BO"
205,"foot","traveller","BO"
206,"foot","escape","BO"
207,"foot","stay","BO"
208,"foot","fight","BO"
209,"foot","travel","BO"
210,"foot","journey","BO"
211,"foot","quick","BO"
212,"foot","light","BO"
213,"foot","walk","BO"
214,"foot","weight","BO"
215,"foot","die","BO"
216,"foot","arrive","BO"
217,"foot","reach","BO"
218,"foot","think","BO"
219,"foot","continue","BO"
220,"foot","grave","BO"
221,"foot","sandal","BO"
222,"foot","camp","BO"
223,"foot","air","BO"
224,"foot","door","BO"
225,"foot","mouth","BO"
226,"foot","position","BO"
227,"foot","house","BO"
228,"foot","time","BO"
229,"foot","under","BO"
230,"foot","down","BO"
231,"foot","up","BO"
232,"foot","round","BO"
233,"foot","about","BO"
234,"foot","in","BO"
235,"foot","off","BO"
236,"foot","out","BO"
237,"foot","on","BO"
238,"foot","athlete","BO"
239,"foot","crow","BO"
240,"foot","elephant","BO"
241,"foot","chicken","BO"
242,"foot","opponent","BO"
243,"foot","bird","BO"
244,"foot","baby","BO"
245,"foot","boy","BO"
246,"foot","mother","BO"
247,"foot","father","BO"
248,"foot","man","BO"
249,"foot","vote","BO"
250,"foot","accelerator","BO"
251,"foot","brake","BO"
252,"foot","soil","BO"
253,"foot","side","BO"
254,"foot","wave","BO"
255,"foot","room","BO"
256,"foot","hole","BO"
257,"foot","hop","BO"
258,"foot","shift","BO"
259,"foot","other","BO"
260,"foot","music","BO"
261,"foot","level","BO"
262,"foot","sea","BO"
263,"foot","river","BO"
264,"foot","surface","BO"
265,"foot","bone","BO"
266,"foot","pain","BO"
267,"foot","rush","BO"
268,"foot","pick","BO"
269,"foot","stretch","BO"
270,"foot","poss","BO"
271,"foot","VPing","BO"
272,"foot","VPto","BO"
273,"foot","Sfin","BO"
274,"foot","Swh","BO"
275,"foot","Sing","BO"
1,"hat","straw","T&C"
2,"hat","bowler","T&C"
3,"hat","woolly","T&C"
4,"hat","wide-brimmed","T&C"
5,"hat","cocked","T&C"
6,"hat","trilby","T&C"
7,"hat","top","T&C"
8,"hat","woollen","T&C"
9,"hat","felt","T&C"
10,"hat","bobble","T&C"
11,"hat","fur","T&C"
12,"hat","three-cornered","T&C"
13,"hat","cowboy","T&C"
14,"hat","broad-brimmed","T&C"
15,"hat","panama","T&C"
16,"hat","floppy","T&C"
17,"hat","battered","T&C"
18,"hat","baseball","T&C"
19,"hat","black","T&C"
20,"hat","peaked","T&C"
21,"hat","feathered","T&C"
22,"hat","matching","T&C"
23,"hat","tweed","T&C"
24,"hat","slouch","T&C"
25,"hat","funny","T&C"
26,"hat","coat","T&C"
27,"hat","overcoat","T&C"
28,"hat","glove","T&C"
29,"hat","scarf","T&C"
30,"hat","cloak","T&C"
31,"hat","umbrella","T&C"
32,"hat","t-shirt","T&C"
33,"hat","raincoat","T&C"
34,"hat","overalls","T&C"
35,"hat","tailcoat","T&C"
36,"hat","cap","T&C"
37,"hat","mackintosh","T&C"
38,"hat","suit","T&C"
39,"hat","collar","T&C"
40,"hat","breeches","T&C"
41,"hat","cane","T&C"
42,"hat","jacket","T&C"
43,"hat","dress","T&C"
44,"hat","veil","T&C"
45,"hat","trousers","T&C"
46,"hat","hat","T&C"
47,"hat","gown","T&C"
48,"hat","shoe","T&C"
49,"hat","sock","T&C"
50,"hat","tail","T&C"
51,"hat","wear","T&C"
52,"hat","doff","T&C"
53,"hat","don","T&C"
54,"hat","perch","T&C"
55,"hat","jam","T&C"
56,"hat","clutch","T&C"
57,"hat","trim","T&C"
58,"hat","remove","T&C"
59,"hat","fetch","T&C"
60,"hat","tip","T&C"
61,"hat","adjust","T&C"
62,"hat","pin","T&C"
63,"hat","hang","T&C"
64,"hat","touch","T&C"
65,"hat","raise","T&C"
66,"hat","pull","T&C"
67,"hat","throw","T&C"
68,"hat","ride","T&C"
69,"hat","buy","T&C"
70,"hat","lift","T&C"
71,"hat","like","T&C"
72,"hat","feel","T&C"
73,"hat","push","T&C"
74,"hat","eat","T&C"
75,"hat","put","T&C"
76,"hat","bob","T&C"
77,"hat","hide","T&C"
78,"hat","blow","T&C"
79,"hat","fit","T&C"
80,"hat","fall","T&C"
81,"hat","cover","T&C"
82,"hat","sit","T&C"
83,"hat","come","T&C"
84,"hat","look","T&C"
85,"hat","seem","T&C"
86,"hat","tell","T&C"
87,"hat","hold","T&C"
88,"hat","brim","T&C"
89,"hat","trick","T&C"
90,"hat","concession","T&C"
91,"hat","shop","T&C"
92,"hat","box","T&C"
93,"hat","weirdo","T&C"
94,"hat","feather","T&C"
95,"hat","lady","T&C"
96,"hat","cat","T&C"
97,"hat","man","T&C"
98,"hat","woman","T&C"
99,"hat","off","T&C"
100,"hat","on","T&C"
101,"hat","back","T&C"
102,"hat","down","T&C"
103,"hat","drop","T&C"
104,"hat","rim","T&C"
105,"hat","sort","T&C"
106,"hat","collection","T&C"
107,"hat","cardinal","T&C"
108,"hat","Maidstone","T&C"
109,"hat","witch","T&C"
110,"hat","chef","T&C"
111,"hat","ribbon","T&C"
112,"hat","hand","T&C"
113,"hat","sweep","T&C"
114,"hat","take","T&C"
115,"hat","head","T&C"
116,"hat","table","T&C"
117,"hat","pick","T&C"
118,"hat","draw","T&C"
119,"hat","eye","T&C"
120,"hat","ring","T&C"
121,"hat","poss","T&C"
122,"hat","Sfin","T&C"
123,"hat","VPing","T&C"
124,"hat","VPto","T&C"
125,"hat","Swh","T&C"
1,"sweat","flush","BO"
2,"sweat","fever","BO"
3,"sweat","dirt","BO"
4,"sweat","sweat","BO"
5,"sweat","urine","BO"
6,"sweat","tear","BO"
7,"sweat","powder","BO"
8,"sweat","blood","BO"
9,"sweat","dust","BO"
10,"sweat","smoke","BO"
11,"sweat","heat","BO"
12,"sweat","breath","BO"
13,"sweat","pain","BO"
14,"sweat","eye","BO"
15,"sweat","trickle","BO"
16,"sweat","drip","BO"
17,"sweat","bead","BO"
18,"sweat","glisten","BO"
19,"sweat","pour","BO"
20,"sweat","dry","BO"
21,"sweat","run","BO"
22,"sweat","stand","BO"
23,"sweat","break","BO"
24,"sweat","begin","BO"
25,"sweat","fall","BO"
26,"sweat","profuse","BO"
27,"sweat","clammy","BO"
28,"sweat","acetylcholine","BO"
29,"sweat","stale","BO"
30,"sweat","cold","BO"
31,"sweat","light","BO"
32,"sweat","fine","BO"
33,"sweat","night","BO"
34,"sweat","human","BO"
35,"sweat","old","BO"
36,"sweat","good","BO"
37,"sweat","gland","BO"
38,"sweat","chloride","BO"
39,"sweat","shirt","BO"
40,"sweat","spot","BO"
41,"sweat","rag","BO"
42,"sweat","score","BO"
43,"sweat","test","BO"
44,"sweat","equity","BO"
45,"sweat","shop","BO"
46,"sweat","top","BO"
47,"sweat","concentration","BO"
48,"sweat","response","BO"
49,"sweat","wipe","BO"
50,"sweat","mop","BO"
51,"sweat","smell","BO"
52,"sweat","absorb","BO"
53,"sweat","feel","BO"
54,"sweat","sheen","BO"
55,"sweat","rivulet","BO"
56,"sweat","globule","BO"
57,"sweat","stink","BO"
58,"sweat","droplet","BO"
59,"sweat","stench","BO"
60,"sweat","odour","BO"
61,"sweat","drop","BO"
62,"sweat","film","BO"
63,"sweat","lot","BO"
64,"sweat","drench","BO"
65,"sweat","soaked","BO"
66,"sweat","slippery","BO"
67,"sweat","streak","BO"
68,"sweat","stream","BO"
69,"sweat","wet","BO"
70,"sweat","stain","BO"
71,"sweat","shine","BO"
72,"sweat","forehead","BO"
73,"sweat","brow","BO"
74,"sweat","face","BO"
75,"sweat","bath","BO"
76,"sweat","soak","BO"
77,"sweat","cover","BO"
78,"sweat","fear","BO"
79,"sweat","lip","BO"
80,"sweat","work","BO"
81,"sweat","off","BO"
82,"sweat","VPing","BO"
83,"sweat","poss","BO"
84,"sweat","Sfin","BO"
85,"sweat","VPto","BO"
86,"sweat","Swh","BO"
1,"mouth","shut","SE"
2,"mouth","open","SE"
3,"mouth","twist","SE"
4,"mouth","wipe","SE"
5,"mouth","curve","SE"
6,"mouth","tighten","SE"
7,"mouth","kiss","SE"
8,"mouth","clamp","SE"
9,"mouth","part","SE"
10,"mouth","rinse","SE"
11,"mouth","compress","SE"
12,"mouth","stuff","SE"
13,"mouth","dab","SE"
14,"mouth","brush","SE"
15,"mouth","curl","SE"
16,"mouth","purse","SE"
17,"mouth","thin","SE"
18,"mouth","touch","SE"
19,"mouth","close","SE"
20,"mouth","press","SE"
21,"mouth","stretch","SE"
22,"mouth","keep","SE"
23,"mouth","tape","SE"
24,"mouth","fill","SE"
25,"mouth","burn","SE"
26,"mouth","twitch","SE"
27,"mouth","quirk","SE"
28,"mouth","quiver","SE"
29,"mouth","sag","SE"
30,"mouth","tremble","SE"
31,"mouth","water","SE"
32,"mouth","gape","SE"
33,"mouth","droop","SE"
34,"mouth","harden","SE"
35,"mouth","dry","SE"
36,"mouth","taste","SE"
37,"mouth","hang","SE"
38,"mouth","drop","SE"
39,"mouth","descend","SE"
40,"mouth","nose","SE"
41,"mouth","nostril","SE"
42,"mouth","chin","SE"
43,"mouth","cheekbone","SE"
44,"mouth","throat","SE"
45,"mouth","tongue","SE"
46,"mouth","jaw","SE"
47,"mouth","eye","SE"
48,"mouth","forehead","SE"
49,"mouth","eyebrow","SE"
50,"mouth","ear","SE"
51,"mouth","lip","SE"
52,"mouth","cheek","SE"
53,"mouth","tooth","SE"
54,"mouth","neck","SE"
55,"mouth","hair","SE"
56,"mouth","smile","SE"
57,"mouth","skin","SE"
58,"mouth","face","SE"
59,"mouth","mouth","SE"
60,"mouth","head","SE"
61,"mouth","hand","SE"
62,"mouth","finger","SE"
63,"mouth","shoulder","SE"
64,"mouth","leg","SE"
65,"mouth","gaping","SE"
66,"mouth","Tyne","SE"
67,"mouth","sensuous","SE"
68,"mouth","smiling","SE"
69,"mouth","well-shaped","SE"
70,"mouth","toothless","SE"
71,"mouth","wide","SE"
72,"mouth","sensual","SE"
73,"mouth","hungry","SE"
74,"mouth","swollen","SE"
75,"mouth","Klasies","SE"
76,"mouth","slack","SE"
77,"mouth","lipsticked","SE"
78,"mouth","lipless","SE"
79,"mouth","chiselled","SE"
80,"mouth","generous","SE"
81,"mouth","shaped","SE"
82,"mouth","mobile","SE"
83,"mouth","bruised","SE"
84,"mouth","cruel","SE"
85,"mouth","tunnel","SE"
86,"mouth","tight","SE"
87,"mouth","foul","SE"
88,"mouth","corner","SE"
89,"mouth","softness","SE"
90,"mouth","inside","SE"
91,"mouth","comer","SE"
92,"mouth","roof","SE"
93,"mouth","word","SE"
94,"mouth","warmth","SE"
95,"mouth","side","SE"
96,"mouth","possession","SE"
97,"mouth","edge","SE"
98,"mouth","front","SE"
99,"mouth","line","SE"
100,"mouth","back","SE"
101,"mouth","shape","SE"
102,"mouth","set","SE"
103,"mouth","melt","SE"
104,"mouth","spoon","SE"
105,"mouth","fag","SE"
106,"mouth","thumb","SE"
107,"mouth","cock","SE"
108,"mouth","cigarette","SE"
109,"mouth","ash","SE"
110,"mouth","pipe","SE"
111,"mouth","heart","SE"
112,"mouth","stick","SE"
113,"mouth","horse","SE"
114,"mouth","blood","SE"
115,"mouth","food","SE"
116,"mouth","foot","SE"
117,"mouth","place","SE"
118,"mouth","put","SE"
119,"mouth","come","SE"
120,"mouth","look","SE"
121,"mouth","Nicolo","SE"
122,"mouth","Lucenzo","SE"
123,"mouth","Guy","SE"
124,"mouth","Caroline","SE"
125,"mouth","Luke","SE"
126,"mouth","dog","SE"
127,"mouth","baby","SE"
128,"mouth","patient","SE"
129,"mouth","boy","SE"
130,"mouth","girl","SE"
131,"mouth","child","SE"
132,"mouth","woman","SE"
133,"mouth","man","SE"
134,"mouth","half-open","SE"
135,"mouth","full","SE"
136,"mouth","wider","SE"
137,"mouth","warm","SE"
138,"mouth","hot","SE"
139,"mouth","Seine","SE"
140,"mouth","babe","SE"
141,"mouth","cave","SE"
142,"mouth","estuary","SE"
143,"mouth","River","SE"
144,"mouth","alley","SE"
145,"mouth","river","SE"
146,"mouth","harbour","SE"
147,"mouth","hell","SE"
148,"mouth","bay","SE"
149,"mouth","hole","SE"
150,"mouth","valley","SE"
151,"mouth","fish","SE"
152,"mouth","agape","SE"
153,"mouth","pipette","SE"
154,"mouth","slit","SE"
155,"mouth","resuscitation","SE"
156,"mouth","watering","SE"
157,"mouth","papilla","SE"
158,"mouth","ulcer","SE"
159,"mouth","organ","SE"
160,"mouth","wash","SE"
161,"mouth","opening","SE"
162,"mouth","disease","SE"
163,"mouth","region","SE"
164,"mouth","leap","SE"
165,"mouth","go","SE"
166,"mouth","fly","SE"
167,"mouth","glass","SE"
168,"mouth","protrude","SE"
169,"mouth","pour","SE"
170,"mouth","foam","SE"
171,"mouth","froth","SE"
172,"mouth","foaming","SE"
173,"mouth","pull","SE"
174,"mouth","napkin","SE"
175,"mouth","handkerchief","SE"
176,"mouth","noise","SE"
177,"mouth","talk","SE"
178,"mouth","speak","SE"
179,"mouth","time","SE"
180,"mouth","breathe","SE"
181,"mouth","off","SE"
182,"mouth","down","SE"
183,"mouth","out","SE"
184,"mouth","play","SE"
185,"mouth","poss","SE"
186,"mouth","VPto","SE"
187,"mouth","VPing","SE"
188,"mouth","Sfin","SE"
189,"mouth","Swh","SE"
190,"mouth","Sing","SE"
1,"raincoat","burberry","T&C"
2,"raincoat","belted","T&C"
3,"raincoat","Burberry","T&C"
4,"raincoat","clay-coloured","T&C"
5,"raincoat","aquascutum","T&C"
6,"raincoat","grubby","T&C"
7,"raincoat","beige","T&C"
8,"raincoat","shabby","T&C"
9,"raincoat","shiny","T&C"
10,"raincoat","rubber","T&C"
11,"raincoat","blue","T&C"
12,"raincoat","damp","T&C"
13,"raincoat","yellow","T&C"
14,"raincoat","plastic","T&C"
15,"raincoat","dirty","T&C"
16,"raincoat","light","T&C"
17,"raincoat","expensive","T&C"
18,"raincoat","grey","T&C"
19,"raincoat","famous","T&C"
20,"raincoat","black","T&C"
21,"raincoat","dark","T&C"
22,"raincoat","long","T&C"
23,"raincoat","white","T&C"
24,"raincoat","old","T&C"
25,"raincoat","beret","T&C"
26,"raincoat","trilby","T&C"
27,"raincoat","welly","T&C"
28,"raincoat","anorak","T&C"
29,"raincoat","raincoat","T&C"
30,"raincoat","umbrella","T&C"
31,"raincoat","hat","T&C"
32,"raincoat","boot","T&C"
33,"raincoat","jacket","T&C"
34,"raincoat","suit","T&C"
35,"raincoat","shoe","T&C"
36,"raincoat","expression","T&C"
37,"raincoat","belt","T&C"
38,"raincoat","fetch","T&C"
39,"raincoat","wear","T&C"
40,"raincoat","open","T&C"
41,"raincoat","remove","T&C"
42,"raincoat","buy","T&C"
43,"raincoat","turn","T&C"
44,"raincoat","dress","T&C"
45,"raincoat","lady","T&C"
46,"raincoat","man","T&C"
47,"raincoat","figure","T&C"
48,"raincoat","stand","T&C"
49,"raincoat","look","T&C"
50,"raincoat","layer","T&C"
51,"raincoat","collar","T&C"
52,"raincoat","put","T&C"
53,"raincoat","peel","T&C"
54,"raincoat","poss","T&C"
55,"raincoat","Swh","T&C"
56,"raincoat","VPing","T&C"
57,"raincoat","Sfin","T&C"
58,"raincoat","VPto","T&C"
1,"closet","linen-room","T&C"
2,"closet","louvre-fronted","T&C"
3,"closet","slanting","T&C"
4,"closet","embossed","T&C"
5,"closet","upstairs","T&C"
6,"closet","musty","T&C"
7,"closet","violet","T&C"
8,"closet","full-length","T&C"
9,"closet","panelled","T&C"
10,"closet","locked","T&C"
11,"closet","Santiago","T&C"
12,"closet","pedestal","T&C"
13,"closet","rogue","T&C"
14,"closet","discreet","T&C"
15,"closet","broom","T&C"
16,"closet","dining-room","T&C"
17,"closet","polished","T&C"
18,"closet","ash","T&C"
19,"closet","earth","T&C"
20,"closet","indoor","T&C"
21,"closet","china","T&C"
22,"closet","neighbouring","T&C"
23,"closet","primitive","T&C"
24,"closet","patent","T&C"
25,"closet","water","T&C"
26,"closet","Load","T&C"
27,"closet","raffles-type","T&C"
28,"closet","Pfi","T&C"
29,"closet","bedchamber","T&C"
30,"closet","Rab","T&C"
31,"closet","cupboard","T&C"
32,"closet","polish","T&C"
33,"closet","bathroom","T&C"
34,"closet","picnic","T&C"
35,"closet","spike","T&C"
36,"closet","wardrobe","T&C"
37,"closet","sickness","T&C"
38,"closet","toilet","T&C"
39,"closet","suite","T&C"
40,"closet","beam","T&C"
41,"closet","terrace","T&C"
42,"closet","bedroom","T&C"
43,"closet","vendor","T&C"
44,"closet","shelf","T&C"
45,"closet","flesh","T&C"
46,"closet","vegetable","T&C"
47,"closet","bath","T&C"
48,"closet","rose","T&C"
49,"closet","wood","T&C"
50,"closet","cabinet","T&C"
51,"closet","tribade","T&C"
52,"closet","countrysider","T&C"
53,"closet","hetero","T&C"
54,"closet","maoist","T&C"
55,"closet","retributivist","T&C"
56,"closet","body-builder","T&C"
57,"closet","federalist","T&C"
58,"closet","hippy","T&C"
59,"closet","buff","T&C"
60,"closet","cistern","T&C"
61,"closet","linguist","T&C"
62,"closet","villain","T&C"
63,"closet","unionism","T&C"
64,"closet","affinity","T&C"
65,"closet","radical","T&C"
66,"closet","liberal","T&C"
67,"closet","nationalist","T&C"
68,"closet","communist","T&C"
69,"closet","slip","T&C"
70,"closet","intellectual","T&C"
71,"closet","republican","T&C"
72,"closet","Jimmy","T&C"
73,"closet","christian","T&C"
74,"closet","trainer","T&C"
75,"closet","tower","T&C"
76,"closet","wee","T&C"
77,"closet","linoleum","T&C"
78,"closet","skeleton","T&C"
79,"closet","plumbing","T&C"
80,"closet","dangle","T&C"
81,"closet","privacy","T&C"
82,"closet","lock","T&C"
83,"closet","smoke","T&C"
84,"closet","lamb","T&C"
85,"closet","stir","T&C"
86,"closet","cow","T&C"
87,"closet","hang","T&C"
88,"closet","shirt","T&C"
89,"closet","fit","T&C"
90,"closet","stay","T&C"
91,"closet","sit","T&C"
92,"closet","frequent","T&C"
93,"closet","enclose","T&C"
94,"closet","exchange","T&C"
95,"closet","hate","T&C"
96,"closet","dress","T&C"
97,"closet","visit","T&C"
98,"closet","remove","T&C"
99,"closet","replace","T&C"
100,"closet","design","T&C"
101,"closet","janissary","T&C"
102,"closet","remains","T&C"
103,"closet","innovation","T&C"
104,"closet","clerk","T&C"
105,"closet","supply","T&C"
106,"closet","door","T&C"
107,"closet","back","T&C"
108,"closet","wall","T&C"
109,"closet","sort","T&C"
110,"closet","cram","T&C"
111,"closet","flush","T&C"
112,"closet","sail","T&C"
113,"closet","whisper","T&C"
114,"closet","hit","T&C"
115,"closet","pick","T&C"
116,"closet","housemaid","T&C"
117,"closet","Ophelia","T&C"
118,"closet","Guest","T&C"
119,"closet","Antoinette","T&C"
120,"closet","mother","T&C"
121,"closet","returning","T&C"
122,"closet","return","T&C"
123,"closet","credible","T&C"
124,"closet","gay","T&C"
125,"closet","larger","T&C"
126,"closet","full","T&C"
127,"closet","legion","T&C"
128,"closet","fireplace","T&C"
129,"closet","bottle","T&C"
130,"closet","wrench","T&C"
131,"closet","dish","T&C"
132,"closet","coat","T&C"
133,"closet","release","T&C"
134,"closet","necessity","T&C"
135,"closet","hustle","T&C"
136,"closet","drag","T&C"
137,"closet","equipment","T&C"
138,"closet","candidacy","T&C"
139,"closet","rarity","T&C"
140,"closet","collection","T&C"
141,"closet","bottom","T&C"
142,"closet","stair","T&C"
143,"closet","washstand","T&C"
144,"closet","robe","T&C"
145,"closet","Ireland","T&C"
146,"closet","hook","T&C"
147,"closet","writer","T&C"
148,"closet","sexuality","T&C"
149,"closet","rendezvous","T&C"
150,"closet","poss","T&C"
151,"closet","Sfin","T&C"
152,"closet","Swh","T&C"
153,"closet","it+","T&C"
154,"closet","Sing","T&C"
155,"closet","VPto","T&C"
156,"closet","VPing","T&C"
1,"canal","Suez","EA"
2,"canal","Panama","EA"
3,"canal","grand","EA"
4,"canal","caledonian","EA"
5,"canal","alimentary","EA"
6,"canal","Stroudwater","EA"
7,"canal","Mersey","EA"
8,"canal","Union","EA"
9,"canal","anal","EA"
10,"canal","Sharpness","EA"
11,"canal","Shropshire","EA"
12,"canal","Leeds-liverpool","EA"
13,"canal","Basingstoke","EA"
14,"canal","Cromford","EA"
15,"canal","Crinan","EA"
16,"canal","semicircular","EA"
17,"canal","Avon","EA"
18,"canal","irrigation","EA"
19,"canal","bridgewater","EA"
20,"canal","junction","EA"
21,"canal","erewash","EA"
22,"canal","Regents","EA"
23,"canal","Clyde","EA"
24,"canal","Macclesfield","EA"
25,"canal","incisive","EA"
26,"canal","towpath","EA"
27,"canal","boatman","EA"
28,"canal","mania","EA"
29,"canal","barge","EA"
30,"canal","zone","EA"
31,"canal","cruise","EA"
32,"canal","basin","EA"
33,"canal","plus","EA"
34,"canal","navigation","EA"
35,"canal","pass","EA"
36,"canal","boat","EA"
37,"canal","treaty","EA"
38,"canal","bus","EA"
39,"canal","era","EA"
40,"canal","repair","EA"
41,"canal","turn","EA"
42,"canal","bank","EA"
43,"canal","bridge","EA"
44,"canal","network","EA"
45,"canal","walk","EA"
46,"canal","route","EA"
47,"canal","co","EA"
48,"canal","engineer","EA"
49,"canal","company","EA"
50,"canal","construction","EA"
51,"canal","kennet","EA"
52,"canal","Trent","EA"
53,"canal","waterway","EA"
54,"canal","Forth","EA"
55,"canal","estuary","EA"
56,"canal","river","EA"
57,"canal","Thames","EA"
58,"canal","railway","EA"
59,"canal","lake","EA"
60,"canal","canal","EA"
61,"canal","Leeds","EA"
62,"canal","rail","EA"
63,"canal","road","EA"
64,"canal","transport","EA"
65,"canal","stretch","EA"
66,"canal","waters","EA"
67,"canal","opening","EA"
68,"canal","mile","EA"
69,"canal","length","EA"
70,"canal","side","EA"
71,"canal","section","EA"
72,"canal","end","EA"
73,"canal","building","EA"
74,"canal","line","EA"
75,"canal","view","EA"
76,"canal","level","EA"
77,"canal","area","EA"
78,"canal","part","EA"
79,"canal","cent","EA"
80,"canal","dig","EA"
81,"canal","span","EA"
82,"canal","overlook","EA"
83,"canal","freeze","EA"
84,"canal","construct","EA"
85,"canal","build","EA"
86,"canal","defend","EA"
87,"canal","link","EA"
88,"canal","cut","EA"
89,"canal","complete","EA"
90,"canal","cross","EA"
91,"canal","carry","EA"
92,"canal","close","EA"
93,"canal","enter","EA"
94,"canal","open","EA"
95,"canal","reach","EA"
96,"canal","raise","EA"
97,"canal","use","EA"
98,"canal","follow","EA"
99,"canal","keep","EA"
100,"canal","leave","EA"
101,"canal","connect","EA"
102,"canal","run","EA"
103,"canal","serve","EA"
104,"canal","join","EA"
105,"canal","become","EA"
106,"canal","bring","EA"
107,"canal","provide","EA"
108,"canal","palazzo","EA"
109,"canal","lock","EA"
110,"canal","live","EA"
111,"canal","work","EA"
112,"canal","find","EA"
113,"canal","Gloucester","EA"
114,"canal","dock","EA"
115,"canal","fall","EA"
116,"canal","water","EA"
117,"canal","Regent","EA"
118,"canal","England","EA"
119,"canal","look","EA"
120,"canal","poss","EA"
121,"canal","VPing","EA"
122,"canal","Sfin","EA"
123,"canal","Swh","EA"
124,"canal","VPto","EA"
125,"canal","Sing","EA"
1,"vapor","tourist","MA"
2,"vapor","thin","MA"
3,"vapor","pressure","MA"
4,"vapor","chart","MA"
5,"vapor","section","MA"
6,"vapor","sunlight","MA"
