year,adj,noun
1810,perfumed,billet
1810,perfumed,letter
1811,fragrant,loveliness
1813,fragrant,wing
1815,perfumed,wing
1819,fragrant,spirit
1819,scented,turf
1819,scented,nectar
1820,fragrant,air
1820,fragrant,lip
1820,fragrant,breath
1820,fragrant,dew
1820,fragrant,meads
1822,fragrant,plant
1823,fragrant,hawthorn
1823,fragrant,waxen
1823,scented,grass
1823,perfumed,censer
1823,scented,violet
1823,scented,meadow
1824,fragrant,gale
1824,scented,gale
1824,fragrant,bed
1824,fragrant,vegetation
1824,fragrant,flower
1824,fragrant,morning
1824,fragrant,fume
1824,fragrant,cluster
1825,fragrant,breath
1825,fragrant,air
1826,fragrant,bed
1826,fragrant,couch
1826,fragrant,brush
1826,fragrant,plant
1827,fragrant,gale
1827,fragrant,air
1827,perfumed,breath
1827,fragrant,jessamine
1827,fragrant,spice
1827,fragrant,flower
1827,scented,olibanum
1827,scented,gum
1827,perfumed,fragrance
1827,fragrant,herb
1827,scented,vale
1827,fragrant,sigh
1827,scented,field
1827,fragrant,balm
1827,fragrant,fruit
1827,fragrant,bowers
1827,fragrant,dew
1827,fragrant,fruit
1827,perfumed,flower
1827,fragrant,wreath
1827,fragrant,lip
1827,fragrant,earth
1827,scented,lady
1827,fragrant,lymph
1827,scented,shrub
1828,scented,ground
1828,fragrant,flower
1828,fragrant,flower
1828,fragrant,hour
1830,fragrant,rose
1831,fragrant,air
1831,scented,ground
1831,fragrant,flower
1831,fragrant,breeze
1831,fragrant,hour
1831,fragrant,hour
1831,fragrant,hour
1831,scented,breath
1831,fragrant,blossom
1831,fragrant,birch
1831,scented,air
1831,fragrant,hay
1831,fragrant,flower
1831,perfumed,flower
1831,fragrant,leaf
1831,perfumed,bath
1831,fragrant,vow
1832,fragrant,breath
1832,perfumed,vapor
1832,fragrant,leaf
1833,fragrant,flower
1833,perfumed,rose-colored
1833,perfumed,rose-colored
1833,fragrant,wine
1833,perfumed,chamber
1833,scented,earth
1833,fragrant,lip
1833,scented,shadow
1834,fragrant,compliment
1834,fragrant,meadow
1834,fragrant,breath
1834,fragrant,lily
1835,fragrant,race
1835,fragrant,cluster
1835,fragrant,present
1835,sweet-smelling,shrub
1835,fragrant,sister
1835,fragrant,berry
1835,fragrant,wood
1835,fragrant,chocolatl
1835,fragrant,torch
1835,fragrant,sweet
1835,fragrant,mezereon
1835,fragrant,cigar
1835,fragrant,wood
1835,scented,vale
1835,scented,globe
1835,scented,grove
1835,scented,grove
1835,scented,field
1835,fragrant,orange
1835,fragrant,odour
1835,fragrant,cluster
1835,fragrant,snow-drop
1835,fragrant,snow-drop
1835,fragrant,lemon
1835,fragrant,loveliness
1835,fragrant,turf
1835,fragrant,meadow
1835,fragrant,june
1835,fragrant,leaf
1835,fragrant,smoke
1835,fragrant,rose
1835,fragrant,air
1835,fragrant,incense
1836,perfumed,oil
1836,perfumed,water
1836,fragrant,rose
1836,fragrant,thyme
1836,perfumed,papyrus
1836,fragrant,blossom
1836,fragrant,thyme
1836,perfumed,robe
1836,perfumed,water
1836,fragrant,flower
1836,fragrant,berry
1836,fragrant,herb
1836,fragrant,shrub
1836,fragrant,shrubbery
1836,fragrant,live
1836,scented,gale
1837,fragrant,flower
1837,fragrant,breast
1837,fragrant,bud
1837,fragrant,isle
1837,fragrant,gloom
1837,fragrant,flower
1837,fragrant,breeze
1837,fragrant,peach
1837,fragrant,summer
1837,fragrant,land
1837,fragrant,breath
1837,scented,oil
1838,scented,blossom
1838,perfumed,medicament
1838,fragrant,lamp
1838,fragrant,flower
1838,fragrant,word
1838,fragrant,wing
1838,fragrant,grove
1838,fragrant,sigh
1838,fragrant,odour
1839,sweet-smelling,vineyard
1839,fragrant,flower
1839,fragrant,flower
1839,scented,leather
1839,fragrant,rose
1839,perfumed,paste
1839,scented,flower
1839,fragrant,ruby
1839,fragrant,flower
1839,fragrant,shrub
1839,fragrant,island
1839,fragrant,mountain
1839,fragrant,breath
1839,fragrant,breeze
1839,fragrant,gladness
1839,scented,bottle
1839,fragrant,field
1840,perfumed,bowers
1840,fragrant,avenue
1840,fragrant,breath
1840,fragrant,branch
1840,fragrant,labor
1840,fragrant,night-breeze
1840,fragrant,tress
1840,fragrant,leaf
1841,fragrant,load
1841,fragrant,odor
1841,fragrant,breath
1841,perfumed,amity
1841,fragrant,flower
1841,fragrant,head
1841,fragrant,thyme
1842,fragrant,fir
1842,fragrant,womb
1842,sweet-smelling,flower
1842,fragrant,breath
1842,fragrant,incense
1842,fragrant,orange
1842,fragrant,bowers
1842,perfumed,air
1842,fragrant,morn
1842,scented,bowers
1842,perfumed,lip
NA,OM its,appge <fragrant
1842,fragrant,flower
1842,fragrant,orange
1842,fragrant,blossom
1843,fragrant,pile
1843,scented,shrub
1843,fragrant,anana
1843,fragrant,gift
1843,fragrant,magnolia
1843,fragrant,guayavas
1843,fragrant,branch
1843,fragrant,base
1843,fragrant,melon
1843,fragrant,flower
1843,fragrant,rose
1843,fragrant,flower
1843,fragrant,dew
1843,fragrant,blue
1843,fragrant,foot-path
1843,fragrant,garden
1843,scented,walk
1843,fragrant,air
1843,fragrant,may
1843,perfumed,cambric
1843,fragrant,odour
1843,perfumed,billet
1843,fragrant,wine
1843,fragrant,herb
1843,perfumed,wax
1843,fragrant,syrup
1843,fragrant,year
1843,fragrant,face
1843,fragrant,morning
1843,fragrant,parting
1843,fragrant,womb
1843,fragrant,purity
1843,perfumed,lady
1843,perfumed,air
1844,scented,note-paper
1844,fragrant,hay
1844,scented,water
1844,fragrant,coffee
1844,fragrant,mocha
1844,fragrant,coffee
1844,fragrant,breath
1844,fragrant,air
1844,perfumed,liquid
1844,fragrant,shrubbery
1844,fragrant,incense
1844,fragrant,bower
1844,scented,air
1844,fragrant,sleep
1844,perfumed,oil
1845,perfumed,look
1845,perfumed,hair
1845,fragrant,claret
1845,fragrant,morning
1845,fragrant,flower
1845,fragrant,fruit
1845,fragrant,havana
1845,fragrant,breath
1845,fragrant,garland
1845,scented,wreath
1845,scented,water
1845,fragrant,offering
1845,fragrant,plant
1845,fragrant,tear
1845,fragrant,bowers
1845,fragrant,bud
1845,fragrant,wreath
1845,fragrant,shade
1845,fragrant,dew
1845,fragrant,balsam
1845,fragrant,bowers
1845,fragrant,wind
1845,scented,wind
1845,fragrant,breath
1845,fragrant,flower
1845,fragrant,bed
1845,fragrant,flower
1845,fragrant,air
1846,perfumed,lamp
1846,fragrant,air
1846,perfumed,breath
1846,fragrant,honey
1846,perfumed,atmosphere
1846,perfumed,tunic
1846,perfumed,lock
1846,perfumed,hair
1846,perfumed,love-locks
1846,perfumed,hill
1846,fragrant,oil
1846,fragrant,oil
1846,fragrant,plant
1846,perfumed,oil
1846,scented,oil
1846,fragrant,young
1846,fragrant,beauty
1846,fragrant,breath
1846,fragrant,bough
1846,fragrant,unction
1846,scented,water
1846,fragrant,breath
1846,fragrant,food
1846,fragrant,little
1846,fragrant,sigh
1846,fragrant,blessing
1846,fragrant,twilight
1846,fragrant,heart
1846,fragrant,balm
1846,fragrant,music
1846,fragrant,flower
1846,fragrant,flower
1846,fragrant,rose
1846,fragrant,garland
1846,fragrant,flower
1846,fragrant,silk
1846,fragrant,gale
1846,fragrant,bloom
1846,fragrant,shrub
1846,fragrant,head
1846,fragrant,wind
1846,scented,air
1846,fragrant,head
1846,perfumed,breath
1846,fragrant,dew
1846,scented,flower
1846,perfumed,chalice
1846,fragrant,cup
1846,perfumed,cup
1846,scented,coronals
1847,fragrant,floor
1847,fragrant,beverage
1847,sweet-smelling,hay
1847,scented,pocket-handkerchiefs
1847,fragrant,box
1847,perfumed,flower
1847,fragrant,foliage
1847,fragrant,orange
1847,fragrant,flowering
1847,scented,missile
1847,fragrant,wild-rose
1847,fragrant,beauty
1847,scented,herb
1847,scented,vine
1847,fragrant,perfume
1847,scented,cordovan
1847,fragrant,wood
1847,perfumed,blossom
1847,perfumed,flower
1847,perfumed,forest
1847,perfumed,vapor
1847,fragrant,grass
1847,perfumed,may
1847,fragrant,air
1847,scented,gale
1847,scented,rose
1847,scented,bud
1847,fragrant,sigh
1847,scented,sky
1847,scented,tube
1847,fragrant,tube
1847,scented,air
1847,scented,breeze
1847,fragrant,wind
1847,fragrant,sigh
1847,scented,fop
1847,fragrant,air
1847,fragrant,glade
1847,fragrant,havana
1848,fragrant,blossom
1848,perfumed,medicament
1848,perfumed,air
1848,perfumed,ether
1848,scented,herb
1848,fragrant,shrub
1848,fragrant,air
1848,perfumed,smoke
1848,fragrant,smoke
1848,fragrant,fig
1848,perfumed,atmosphere
1848,fragrant,moss
1848,fragrant,cider
1848,perfumed,vapor
1848,fragrant,cloud
1848,fragrant,hay
1848,fragrant,ceiling
1848,fragrant,heart
1848,fragrant,vine
1848,fragrant,blessing
1848,fragrant,october
1848,fragrant,october
1848,fragrant,tobacco
1848,perfumed,oil
1848,perfumed,light
1848,fragrant,wreath
1848,fragrant,wreath
1848,fragrant,sigh
1848,fragrant,bloom
1848,fragrant,shower
1848,fragrant,rose
1848,fragrant,flower
1849,fragrant,flower
1849,perfumed,water
1849,perfumed,billet-doux
1849,fragrant,breath
1849,fragrant,vapor
1849,fragrant,flow
1849,sweet-smelling,flower
1849,fragrant,buckwheat-fields
1849,fragrant,cloud
1849,perfumed,kerchief
1849,scented,kerchief
1849,fragrant,liquid
1849,scented,soap
1849,fragrant,rain
1849,fragrant,moss
1849,fragrant,ketaki
1849,fragrant,white
1849,fragrant,bloom
1849,scented,tablet
1849,scented,ambergris
1849,fragrant,whiff
1849,fragrant,mat
1849,fragrant,thatch
1849,fragrant,herb
1849,fragrant,havanna
1849,perfumed,hand
1849,fragrant,cigar
1849,fragrant,tassel
1849,fragrant,breath
1849,fragrant,water-lily
1849,fragrant,azalea
1849,fragrant,gale
1849,perfumed,breeze
1849,perfumed,tree
1850,fragrant,flower
1850,fragrant,odour
1850,fragrant,herb
1850,scented,myrtle
1850,scented,noble
1850,fragrant,yarrow
1850,fragrant,bloom
1851,fragrant,chowder
1851,scented,air
1851,fragrant,garland
1851,fragrant,blossom
1851,fragrant,flower
1851,fragrant,treasure
1851,fragrant,valley
1851,fragrant,atmosphere
1851,perfumed,tobacco
1851,fragrant,fold
1851,fragrant,division
1851,fragrant,mist
1851,fragrant,breath
1851,scented,wood
1851,fragrant,thing
1851,fragrant,water
1851,fragrant,sperm
1851,fragrant,spermaceti
1851,fragrant,ambergris
1852,fragrant,regalia
1852,fragrant,moss
1852,fragrant,geranium
1852,fragrant,tea
1852,fragrant,blossom
1852,fragrant,violet
1852,scented,cambric
1852,scented,hair
1852,fragrant,breeze
1853,fragrant,wood
1853,perfumed,handkerchief
1853,fragrant,coffee
1853,perfumed,lock
1853,scented,violet
1853,perfumed,lamp
1853,perfumed,garden
1853,fragrant,banana
1853,fragrant,bouquet
1853,fragrant,morning
1853,fragrant,underwood
1853,perfumed,bath
1853,perfumed,garment
1853,fragrant,coffee
1853,fragrant,snow
1853,fragrant,cigar
1854,perfumed,lock
1854,fragrant,mocha
1854,scented,air
1854,fragrant,woodbine
1854,fragrant,flower
1854,perfumed,head
1854,fragrant,flower
1854,fragrant,bowers
1854,fragrant,cloud
1854,fragrant,fume
1854,fragrant,leaf
1854,fragrant,head
1854,fragrant,wreath
1854,fragrant,wreath
1854,fragrant,hay
1854,fragrant,blossom
1854,perfumed,breath
1854,fragrant,sassafras
1854,fragrant,fume
1854,fragrant,flower
1854,perfumed,water
1854,scented,gore
1854,perfumed,gale
1854,fragrant,bower
1854,fragrant,cell
1854,perfumed,summer
1854,perfumed,note
1854,fragrant,climbing
1854,fragrant,orange-flowers
1854,fragrant,mocha
1854,fragrant,spring-time
1854,perfumed,air
1854,fragrant,flower
1854,perfumed,water
1854,fragrant,half-opened
1854,perfumed,note
1854,fragrant,cloud
1854,fragrant,vine
1854,fragrant,decoction
1854,fragrant,character
1854,fragrant,maze
1854,fragrant,breath
1854,fragrant,tea
1854,fragrant,rose
1855,fragrant,fan
1855,fragrant,flower
1855,fragrant,golden
1855,fragrant,flower
1855,fragrant,milk-white
1855,fragrant,flower
1855,fragrant,water
1855,fragrant,white
1855,fragrant,air
1855,fragrant,rose
1855,fragrant,shade
1855,scented,hill
1855,fragrant,bower
1855,fragrant,flower
1855,fragrant,plain
1855,perfumed,pinion
1855,fragrant,petal
1855,fragrant,flower
1855,scented,wind
1855,scented,wind
1855,fragrant,rose
1855,scented,bloom
1855,perfumed,hand
1855,fragrant,rose
1855,scented,paper
1856,fragrant,atmosphere
1856,perfumed,cambric
1856,perfumed,atmosphere
1856,perfumed,cambric
1856,fragrant,tobacco
1856,fragrant,tobacco
1856,fragrant,earth
1856,perfumed,billet
1856,fragrant,tobacco
1856,fragrant,populace
1856,scented,flower
1856,fragrant,vine
1856,perfumed,light
1856,perfumed,breath
1856,fragrant,heap
1856,fragrant,offer
1856,scented,peace
1856,fragrant,hour
1856,perfumed,load
1856,fragrant,leaf
1856,fragrant,odor
1856,fragrant,breath
1856,fragrant,wine
1856,fragrant,wine
1856,fragrant,freight
1856,perfumed,wind
1856,fragrant,flower
1856,fragrant,coffee
1856,fragrant,coffee
1856,fragrant,pine-foliage
1856,fragrant,pillow
1857,sweet-smelling,incense
1857,scented,pillow
1857,fragrant,bloom
1857,perfumed,finger
1857,fragrant,blossom
1857,fragrant,rose
1857,fragrant,breath
1858,perfumed,cambrics
1858,perfumed,billet
1858,fragrant,breeze
1858,fragrant,green
1858,fragrant,promise
1858,fragrant,flower
1858,perfumed,water
1858,fragrant,sirup
1858,fragrant,eglantine
1859,fragrant,immortelle
1859,fragrant,reminiscence
1859,fragrant,store
1859,fragrant,varnish
1859,fragrant,petal
1859,fragrant,blossom
1859,fragrant,blossom
1859,fragrant,blossom
1859,perfumed,handkerchief
1859,perfumed,note
1859,perfumed,waiter
1860,fragrant,wreath
1860,fragrant,flower
1860,sweet-smelling,thyme
1860,scented,verbena
1860,fragrant,blossom
1860,fragrant,blossom
1860,fragrant,draught
1860,fragrant,bloom
1860,fragrant,freshness
1860,fragrant,bunch
1860,fragrant,flower
1860,perfumed,gale
1860,perfumed,sky
1860,scented,gift
1860,scented,herbage
1860,scented,herbage
1860,scented,bay-tree
1860,fragrant,breeze
1860,perfumed,narghileh
1860,fragrant,incense
1860,fragrant,breeze
1860,fragrant,orchard
1860,fragrant,garden
1860,perfumed,narghileh
1860,fragrant,garden
1860,fragrant,melody
1860,fragrant,black
1860,fragrant,black
1860,fragrant,flower
1860,fragrant,murmur
1860,perfumed,nectar
1860,perfumed,pocket
1860,fragrant,flower
1860,perfumed,cambric
1860,fragrant,flower
1860,fragrant,kindred
1860,fragrant,wreath
1860,fragrant,gum
1860,sweet-smelling,flower
1860,fragrant,cup
1861,fragrant,atmosphere
1861,perfumed,altar
1861,fragrant,gloom
1861,fragrant,meadow
1861,fragrant,morn
1861,perfumed,pine-leaves
1861,perfumed,pillow
1861,scented,dawn
1862,fragrant,early
1862,scented,fresh
1862,fragrant,milk
1862,fragrant,sheath
1862,fragrant,fruit
1862,fragrant,dew
1862,fragrant,leaf
1862,fragrant,shrub
1862,fragrant,bud
1862,fragrant,havana
1862,perfumed,air
1862,fragrant,chip
1862,fragrant,business
1863,fragrant,life
1863,fragrant,pathway
1863,fragrant,white
1863,perfumed,handkerchief
1863,fragrant,sweetness
1863,scented,gale
1863,sweet-smelling,incense
1863,fragrant,white
1863,fragrant,aroma
1863,scented,grape
1863,fragrant,flower
1863,fragrant,parting
1863,fragrant,odor
1863,scented,grass
1863,fragrant,silver
1863,fragrant,rummers
1863,fragrant,captive
1863,fragrant,couch
1864,fragrant,memory
1864,fragrant,flower
1864,fragrant,petal
1864,perfumed,fringe
1864,fragrant,winrows
1864,fragrant,slope
1864,perfumed,handkerchief
1864,perfumed,cambric
1864,perfumed,damsel
1864,fragrant,dew
1864,fragrant,odor
1864,scented,air
1864,scented,hair
1864,perfumed,handkerchief
1864,fragrant,breath
1864,fragrant,page
1864,perfumed,dew
1864,fragrant,bower
1864,fragrant,emanation
NA,OM wall,nn1 <Scented
1864,fragrant,sheaf
1864,sweet-smelling,incense
1864,fragrant,offering
1864,scented,bloom
1864,fragrant,material
1864,scented,air
1864,fragrant,bouquet
1864,scented,food
1866,perfumed,scarlet
1866,fragrant,pine
1866,fragrant,flower
1866,fragrant,bloom
1866,fragrant,breath
1866,fragrant,breeze
1866,fragrant,odor
1866,fragrant,breath
1866,perfumed,spring
1866,perfumed,spring
1866,fragrant,promise
1866,scented,memory
1867,perfumed,berry
1867,scented,bank
1867,fragrant,brush
1867,fragrant,wind
1867,fragrant,hair
1867,fragrant,shower
1867,fragrant,scotch
1867,fragrant,air
1867,fragrant,suggestion
1867,fragrant,verdure
1867,fragrant,hay
1868,fragrant,record
1868,fragrant,luxury
1868,sweet-smelling,savor
1868,perfumed,silk
1868,perfumed,limb
1869,fragrant,dusk
1869,perfumed,dusk
1869,fragrant,vapor
1869,fragrant,smoke
1869,fragrant,odor
1869,fragrant,glove
1869,fragrant,odor
1869,perfumed,chamber
1869,fragrant,hay
1869,fragrant,south
1869,fragrant,tree
1869,fragrant,tree
1869,fragrant,presence
1869,scented,allumettes
1869,fragrant,sod
1869,fragrant,shade
1869,fragrant,ministry
1869,fragrant,southern
1869,fragrant,leaf
1869,fragrant,orange
1869,fragrant,honeysuckle
1869,fragrant,breath
1869,fragrant,sigh
1869,perfumed,blossom
1869,fragrant,flower
1869,perfumed,breath
1869,scented,herb
1869,fragrant,breath
1869,perfumed,breath
1869,fragrant,breeze
1869,perfumed,beauty
1869,fragrant,bud
1869,fragrant,blossom
1869,fragrant,bosom
1869,perfumed,censer
1869,fragrant,black
1869,scented,blossom
1869,fragrant,dew
1869,fragrant,drop
1869,perfumed,breath
1869,perfumed,mass
1869,fragrant,flower
1869,fragrant,bouquet
1869,perfumed,handkerchief
1869,perfumed,lace
1869,fragrant,room
1870,fragrant,potato
1870,fragrant,bed
1870,fragrant,steam
1870,scented,leaflet
1870,fragrant,preparation
1870,fragrant,puff
1870,fragrant,blossom
1870,fragrant,aromatic
1870,fragrant,draught
1870,fragrant,weed
1870,fragrant,loam
1870,fragrant,hemlock-boughs
1870,perfumed,handkerchief
1870,fragrant,fir-tree
1871,fragrant,summer
1871,fragrant,memory
1871,fragrant,south
1871,fragrant,flower
1871,fragrant,blossom
1871,scented,sandal
1871,fragrant,odor
1871,fragrant,blossom
1871,fragrant,path
1871,fragrant,steam
1871,perfumed,mayflower
1871,perfumed,cushion
1871,scented,cushion
1871,fragrant,chocolate
1871,fragrant,coffee
1871,fragrant,brake
1872,fragrant,odor
1872,fragrant,herb
1872,fragrant,blood
1872,fragrant,flower
1872,fragrant,drop
1872,fragrant,shrub
1872,fragrant,flower
1872,fragrant,blossom
1872,fragrant,blossom
1872,fragrant,field
1872,fragrant,little
1872,perfumed,powder
1872,fragrant,odour
1872,fragrant,spirit
1872,perfumed,even-breeze
1872,perfumed,night
1872,fragrant,decomposition
1872,fragrant,hay
1872,fragrant,breath
1872,fragrant,tobacco
1872,fragrant,partaga
1872,fragrant,breath
1872,perfumed,note
1872,fragrant,meadow
1872,fragrant,odor
1872,fragrant,air
1873,fragrant,tropical
1873,perfumed,air
1873,fragrant,hay
1873,fragrant,prophecy
1873,fragrant,fruit
1873,fragrant,petal
1873,fragrant,mixture
1873,fragrant,mouth
1873,fragrant,thankfulness
1873,fragrant,pass
1873,fragrant,breath
1873,fragrant,haycocks
1873,fragrant,jessamines
1873,fragrant,herb
1873,fragrant,sigh
1873,fragrant,cloud
1873,fragrant,rose
1873,fragrant,coffee
1873,fragrant,bond
1873,scented,cloud
1873,scented,drug
1873,perfumed,summer
1873,perfumed,air
1873,perfumed,shade
1874,scented,lace
1874,perfumed,fan
1874,fragrant,hawthorn
1874,fragrant,green
1874,perfumed,lace
1874,fragrant,bouquet
1874,fragrant,field
1874,fragrant,cigar
1874,perfumed,smoke
1874,fragrant,trace
1874,fragrant,secret
1874,perfumed,tent
1874,fragrant,footstep
1874,fragrant,stateliness
1874,fragrant,gum
1874,perfumed,smoke
1874,perfumed,air
1874,fragrant,heliotrope
1874,fragrant,pine-needle
1874,fragrant,pure
1874,fragrant,creep
1874,fragrant,neighborhood
1874,fragrant,vine
1874,fragrant,coffee
1874,fragrant,flower
1874,fragrant,flower
1874,fragrant,flower-garden
1874,fragrant,southern-wood
1874,perfumed,smoke
1874,fragrant,orris-root
1874,fragrant,vine
1874,sweet-smelling,juniper
1874,fragrant,wood
1874,fragrant,myrtle-leaves
1874,fragrant,wood
1875,perfumed,billet-doux
1875,perfumed,baby
1875,fragrant,cedar
1875,fragrant,cedar
1875,fragrant,flower
1875,fragrant,flower
1875,fragrant,roll
1875,scented,paper
1875,fragrant,lily
1875,fragrant,mosaic
1875,fragrant,message
1875,perfumed,envelope
1875,perfumed,pink
1875,fragrant,bloom
1875,fragrant,amber-aired
1875,fragrant,air
1875,fragrant,flower
1875,fragrant,geranium
1875,perfumed,note
1875,fragrant,heliotrope
1875,fragrant,loveliness
1875,perfumed,wing
1875,fragrant,lily
1875,fragrant,pond
1875,fragrant,pink
1875,fragrant,silence
1875,fragrant,sunshine
1875,perfumed,snow-fall
1875,fragrant,blush-rose
1875,sweet-smelling,object
1875,perfumed,breath
1875,fragrant,sphere
1875,scented,envelope
1875,perfumed,epistle
1875,perfumed,napkin
1875,perfumed,gossip
1875,fragrant,cigar
1875,fragrant,date
1875,scented,soap
1876,fragrant,coffee
1876,fragrant,linen
1876,fragrant,weight
1876,perfumed,card
1876,sweet-smelling,starlight
1876,perfumed,darkness
1876,fragrant,weed
1876,perfumed,flower
1876,perfumed,air
1876,perfumed,alley
1876,perfumed,gallantry
1876,fragrant,oil
1876,fragrant,oil
1876,perfumed,spell
1876,fragrant,blow
1876,perfumed,rose
1877,fragrant,Russia-leather
1877,fragrant,morning
1877,fragrant,breeze
1877,fragrant,flower
1877,fragrant,land
1877,perfumed,sigh
1877,fragrant,package
1877,fragrant,luxuriance
1877,fragrant,bloom
1877,fragrant,wood
1877,fragrant,wall
1877,fragrant,flower
1877,fragrant,kiss
1878,perfumed,wrapper
1878,perfumed,atmosphere
1878,fragrant,bear
1878,fragrant,pile
1878,fragrant,weed
1879,fragrant,heifer
1879,fragrant,petal
1879,fragrant,loam
1879,fragrant,bowers
1879,fragrant,soul
1879,fragrant,kiss
1879,perfumed,nest
1879,fragrant,altar-gifts
1879,perfumed,wine
1879,fragrant,pinion
1879,fragrant,branch
1879,perfumed,air
1879,perfumed,taper
1879,fragrant,incense
1879,fragrant,vapor
1879,fragrant,greeting
1880,fragrant,cloud
1880,perfumed,noon
1880,fragrant,acolyte
1880,fragrant,air
1880,perfumed,waft
1880,fragrant,banquet-hall
1880,fragrant,oil
1880,perfumed,spell
1880,fragrant,dew
1880,fragrant,crew
1880,fragrant,pine
1880,fragrant,crush
1880,scented,handkerchief
1880,fragrant,june
1880,fragrant,nook
1880,fragrant,handful
1880,fragrant,old
1880,scented,kidnapper
1880,fragrant,grass
1880,perfumed,sea
1880,scented,dew
1881,fragrant,meadow
1881,fragrant,meadow
1881,fragrant,bloom
1881,scented,wing
1881,scented,summer
1881,fragrant,handkerchief
1881,sweet-smelling,pine-quills
1881,fragrant,breathing
1881,scented,hay
1881,scented,night-winds
1881,perfumed,bowers
1882,fragrant,hand
1882,perfumed,oil
1882,perfumed,air
1882,fragrant,air
1882,fragrant,shrub
1882,fragrant,strife
1882,fragrant,smoke
1882,fragrant,hay
1882,fragrant,star
1882,fragrant,odor
1882,fragrant,breath
1882,perfumed,tide
1882,fragrant,shower
1882,perfumed,eve
1882,fragrant,rest
1882,perfumed,lamp
1882,perfumed,shine
1882,fragrant,shower
1882,perfumed,popinjay
1882,perfumed,breeze
1882,fragrant,pathway
1882,perfumed,wind
1882,fragrant,calm
1882,fragrant,blossomings
1882,fragrant,south
1882,fragrant,air
1882,perfumed,air
1882,fragrant,crown
1882,perfumed,tress
1882,fragrant,sway
1882,fragrant,calm
1882,fragrant,field
1882,perfumed,grove
1882,fragrant,land
1882,perfumed,wine
1882,fragrant,night
1882,scented,note
1883,scented,atmosphere
1883,fragrant,tea
1883,fragrant,cloud
1883,perfumed,amity
1883,perfumed,water
1883,fragrant,cigar
1883,fragrant,grass
1883,perfumed,day
1883,fragrant,air
1883,fragrant,porch
1883,scented,box
1883,fragrant,lip
1883,fragrant,growth
1883,fragrant,lip
1883,fragrant,dust
1883,fragrant,suggestion
1883,scented,fan
1883,fragrant,green
1883,fragrant,honeysuckle
1883,perfumed,hankerchiefs
1883,sweet-smelling,medicinal
1883,scented,herb
1883,fragrant,sweet-brier
1883,fragrant,white
1883,fragrant,memory
1883,scented,dew
1883,fragrant,memory
1883,fragrant,madge
1884,fragrant,flower
1884,fragrant,experiment
1884,perfumed,meadow-grass
1884,fragrant,gilded
1884,perfumed,smoke
1884,fragrant,cheroot
1884,fragrant,oil
1884,fragrant,white
1884,sweet-smelling,foliage
1884,fragrant,lane
1884,fragrant,thicket
1884,fragrant,willow
1884,fragrant,feast-flowers
1884,fragrant,park
1884,scented,sward
1884,fragrant,grass
1884,fragrant,breath
1884,fragrant,gloom
1884,fragrant,gloom
1885,sweet-smelling,flower
1885,fragrant,promise
1885,fragrant,little
1885,fragrant,summer
1885,fragrant,wind
1885,fragrant,patch
1885,fragrant,beauty
1885,scented,dusk
1885,scented,air
1885,scented,silk
1885,scented,handkerchief
1885,scented,article
1885,fragrant,breath
1885,fragrant,bud
1885,fragrant,flower
1885,fragrant,grass
1885,scented,slope
1885,perfumed,arbutus
1885,fragrant,clethra
1885,scented,fern
1885,fragrant,snow
1885,fragrant,bondage
1885,fragrant,chest
1886,scented,preparation
1886,fragrant,bough
1886,fragrant,tea
1886,scented,night
1886,perfumed,waft
1886,perfumed,touch
1886,perfumed,breath
1886,perfumed,darkness
1886,fragrant,namesake
1886,fragrant,blossom
1886,sweet-smelling,shrub
1886,scented,danger
1886,fragrant,tea
1886,perfumed,bath
1886,scented,garden-ways
1886,fragrant,breath
1886,fragrant,gift
1886,fragrant,offer
1886,fragrant,lily
1886,fragrant,attar-jar
1886,fragrant,island
1886,sweet-smelling,hay-mows
1886,fragrant,sheet
1886,fragrant,solitude
1886,fragrant,lavender
1886,fragrant,air
1886,fragrant,moss
1886,perfumed,violet
1886,fragrant,bunch
1886,perfumed,breath
1886,fragrant,sward
1886,fragrant,wood
1887,perfumed,air
1887,fragrant,flower
1887,fragrant,flower
1887,perfumed,petal
1887,fragrant,heliotrope
1887,fragrant,fruit
1887,fragrant,incense
1887,fragrant,breeze
1887,fragrant,clover
1887,perfumed,silence
1887,perfumed,night
1887,perfumed,yellow
1887,perfumed,blossom
1887,perfumed,air
1887,fragrant,rose
1887,fragrant,air
1887,fragrant,air
1887,fragrant,day
1887,fragrant,tea
1888,scented,air
1888,fragrant,flower
1888,fragrant,load
1888,scented,wine
1888,fragrant,dusk
1888,fragrant,load
1888,fragrant,dusk
1888,scented,grass
1888,fragrant,heap
1888,fragrant,spring
1888,sweet-smelling,border
1888,scented,grass
1888,fragrant,dusk
1888,fragrant,fallows
1888,fragrant,bosom
1888,fragrant,air
1888,perfumed,robe
1888,perfumed,thief
1889,fragrant,fodder
1889,perfumed,whirl
1889,fragrant,hut
1889,fragrant,clove-pinks
1889,fragrant,hay
1889,fragrant,hay
1889,perfumed,smoke
1889,fragrant,bloom
1889,fragrant,blossom
1889,fragrant,barrier
1889,fragrant,boon
1889,fragrant,blossom
1889,fragrant,stillness
1889,perfumed,hair
1889,perfumed,little
1889,fragrant,rose
1889,perfumed,lace
1889,fragrant,leave
1889,scented,breath
1889,perfumed,flower
1890,fragrant,bough
1890,fragrant,phlox
1890,fragrant,smoke
1890,fragrant,cloud
1890,fragrant,coffee
1890,scented,water
1890,perfumed,water
1890,perfumed,water
1890,scented,vine
1890,perfumed,breath
1891,perfumed,sea
1891,fragrant,darkness
1891,fragrant,flower
1891,fragrant,field
1891,fragrant,life
1891,fragrant,air
1891,fragrant,conquest
1891,fragrant,sweetness
1891,fragrant,boudoir
1891,fragrant,eve
1892,fragrant,beverage
1892,perfumed,oil
1892,fragrant,bloom
1892,perfumed,whisper
1892,fragrant,bunch
1892,scented,garden
1892,perfumed,soap
1892,perfumed,thing
1892,fragrant,tip
1892,perfumed,greenness
1892,fragrant,stream
1892,scented,valley
1892,perfumed,water
1892,fragrant,flower
1892,fragrant,shade
1892,fragrant,security
1892,perfumed,gloom
1892,fragrant,fir
1892,fragrant,fir
1892,fragrant,fir
1892,fragrant,glory
1892,fragrant,petal
1892,fragrant,smoke
1892,fragrant,yerba-buena
1892,perfumed,freshness
1892,fragrant,dream
1892,perfumed,air
1892,fragrant,immortelles
1892,fragrant,wooded
1892,fragrant,fire
1892,fragrant,grace
1892,fragrant,thing
1892,fragrant,wooded
1892,fragrant,gum
1893,perfumed,smoke
1893,perfumed,air
1893,perfumed,self
1893,perfumed,glove
1893,perfumed,glove
1893,scented,air
1893,fragrant,ground
1893,fragrant,birch
1893,scented,breath
1893,fragrant,blossom
1893,fragrant,shade
1893,fragrant,wind
1893,fragrant,thicket
1893,fragrant,kalmia
1893,fragrant,sassafras
1893,fragrant,vine
1893,fragrant,havana
1893,fragrant,tea
1893,fragrant,moisture
1893,perfumed,avalanche
1893,fragrant,steam
1893,scented,heliotrope
1893,scented,leaf
1893,fragrant,farewell
1894,fragrant,white
1894,fragrant,wood
1894,perfumed,uncle
1894,scented,hair
1894,fragrant,pine-tree
1894,fragrant,new
1894,scented,stream
1894,fragrant,hay
1894,sweet-smelling,incense
1894,scented,vine
1894,scented,rose
1894,fragrant,juniper
1894,fragrant,expression
1895,fragrant,shadow
1895,fragrant,wood
1895,scented,gale
1895,fragrant,wind
1895,scented,gale
1895,fragrant,slope
1895,perfumed,limb
1895,fragrant,zephyr
1895,perfumed,air
1895,fragrant,resin
1895,scented,soap
1895,scented,soap
1895,perfumed,field
1895,scented,lip
1895,perfumed,breeze
1895,fragrant,plant
1895,fragrant,soul
1895,fragrant,field
1895,perfumed,plant
1895,fragrant,flower
1895,fragrant,cheek
1895,fragrant,air
1895,fragrant,bloom
1896,fragrant,service
1896,perfumed,petal
1896,fragrant,wreath
1896,perfumed,breeze
1896,fragrant,spray
1896,perfumed,envelope
1896,fragrant,exotics
1896,fragrant,bell
1896,fragrant,bloom
1896,fragrant,posy
1896,fragrant,vapor
1896,fragrant,oil
1896,scented,drink
1896,scented,bloom
1896,perfumed,french
1896,fragrant,sward
1896,scented,breath
1896,perfumed,stationery
1896,fragrant,water
1896,scented,glove
1896,scented,air
1896,fragrant,burden
1896,scented,summer
1896,scented,smoke
1896,perfumed,opalescence
1896,fragrant,pink
1896,perfumed,shrub
1896,scented,breeze
1896,fragrant,sigh
1896,fragrant,grass
1896,fragrant,story
1896,scented,air
1896,fragrant,grass
1896,fragrant,tea
1896,scented,grass
1896,scented,grass
1896,fragrant,wind
1896,perfumed,petal
1896,scented,bud
1896,scented,satin
1896,scented,torch
1896,fragrant,air
1896,fragrant,evening
1896,perfumed,palm
1896,perfumed,calm
1896,perfumed,spray
1896,fragrant,rose
1896,scented,dusk
1896,fragrant,crowd
1896,fragrant,water-lily
1896,fragrant,space
1896,fragrant,bloom
1896,fragrant,bed
1897,fragrant,air
1897,fragrant,clover
1897,perfumed,vale
1897,perfumed,cushion
1897,fragrant,draught
1897,fragrant,urn
1897,scented,thorn
1897,perfumed,dress
1897,fragrant,linen
1897,scented,brooks
1897,fragrant,afternoon
1897,scented,summer
1897,sweet-smelling,pillow
1897,scented,leather
1897,fragrant,gum
1897,perfumed,bracelet
1897,fragrant,flower
1897,perfumed,gallant
1898,fragrant,lilac
1898,fragrant,meal
1898,perfumed,air
1898,fragrant,hair
1898,fragrant,cable
1898,fragrant,material
1898,fragrant,little
1898,fragrant,wintergreen
1898,fragrant,cloud
1898,sweet-smelling,pink
1898,scented,tea
1898,fragrant,deep
1898,fragrant,brush
1898,fragrant,tree
1898,scented,gallery
1898,fragrant,message
1898,fragrant,stretch
1898,sweet-smelling,herb
1898,fragrant,object
1898,fragrant,face
1898,fragrant,hill
1898,scented,luxury
1899,fragrant,confusion
1899,fragrant,flower
1899,scented,air
1899,fragrant,picture
1899,perfumed,lace
1899,perfumed,handkerchief
1899,perfumed,handkerchief
1899,fragrant,book
1899,fragrant,hillside
1899,fragrant,basket
1899,fragrant,personality
1899,fragrant,thing
1899,scented,summer
1899,fragrant,darkness
1899,scented,bloom
1899,scented,lime
1899,fragrant,honeysuckle
1899,fragrant,bloom
1899,fragrant,blossom
1899,scented,water
1900,fragrant,breath
1900,fragrant,nature
1900,fragrant,health
1900,fragrant,garden
1900,fragrant,cytherea
1900,scented,soap
1900,fragrant,odor
1900,fragrant,english
1900,sweet-smelling,flower
1900,scented,air
1900,fragrant,foot-bath
1900,fragrant,breath
1900,fragrant,night
1900,scented,content
1900,fragrant,shrub
1900,fragrant,night
1900,scented,flower
1900,perfumed,sanctity
1900,sweet-smelling,lime
1900,scented,pomatum
1900,fragrant,glen
1900,perfumed,missive
1900,fragrant,flower
1900,perfumed,glove
1900,scented,roof
1900,scented,floor
1900,fragrant,smoke
1901,fragrant,posy
1901,fragrant,strewings
1901,perfumed,chapel
1901,fragrant,oak
1901,fragrant,wreath
1901,scented,gum
1901,perfumed,oil
1901,perfumed,hair
1901,scented,water
1901,scented,water
1901,perfumed,oil
1901,perfumed,field
1902,perfumed,air
1902,sweet-smelling,cologne
1902,fragrant,promise
1902,fragrant,smoke
1902,scented,dusk
1902,fragrant,trailer
1902,fragrant,wax
1902,scented,spring
1902,fragrant,garden
1902,scented,box
1902,fragrant,night
1902,fragrant,bodice
1902,fragrant,silk
1902,scented,room
1902,perfumed,shower
1902,fragrant,java
1902,fragrant,springlike
1902,fragrant,loneliness
1902,fragrant,odor
1902,fragrant,pillow
1902,fragrant,dewy
1902,fragrant,incense
1902,fragrant,air
1902,fragrant,air
1902,fragrant,air
1902,fragrant,warmth
1902,fragrant,breathe
1902,fragrant,scent
1902,scented,grass
1902,fragrant,blossom
1902,fragrant,emerald
1902,fragrant,oil
1902,perfumed,wood
1902,scented,wood
1902,scented,forest
1902,fragrant,violet
1902,fragrant,lilac
1902,scented,odor
1902,fragrant,bath
1902,fragrant,odor
1902,perfumed,gallant
1902,fragrant,steam
1902,perfumed,note
1902,fragrant,julep
1902,perfumed,air
1902,fragrant,english
1902,scented,fan
1902,fragrant,bowers
1903,scented,silvery
1903,perfumed,emptiness
1903,fragrant,steam
1903,fragrant,flower
1903,fragrant,eddy
1903,fragrant,heart
1904,fragrant,lily
1904,perfumed,atmosphere
1904,fragrant,beverage
1904,fragrant,pine
1904,fragrant,wine
1904,sweet-smelling,herb
1904,fragrant,supper
1904,scented,lane
1904,scented,society
1904,fragrant,refuge
1904,scented,note
1905,scented,joy
1905,scented,hour
1905,fragrant,blossom
1905,scented,water
1905,fragrant,smell
1905,fragrant,lock
1905,fragrant,garden
1905,sweet-smelling,oil
1905,sweet-smelling,incense
1905,fragrant,grass
1905,fragrant,perfume
1905,sweet-smelling,musk
1905,scented,wind
1905,scented,grass
1905,fragrant,grass
1905,scented,breeze
1905,fragrant,breeze
1905,perfumed,day
1905,fragrant,hay
1905,fragrant,lavender
1906,scented,wind
1906,fragrant,tea
1906,scented,bad
1906,fragrant,cup
1906,fragrant,breath
1906,perfumed,tress
1906,perfumed,hair
1906,fragrant,room
1906,sweet-smelling,sponge
1906,perfumed,padding
1906,perfumed,night
1906,fragrant,air
1906,perfumed,lotus-bearing
1907,fragrant,cobweb
1907,scented,hedge
1907,scented,lime
1907,perfumed,wind
1907,fragrant,bud
1907,scented,sandal
1907,scented,paper
1907,fragrant,geranium
1907,fragrant,court
1907,scented,trouble
1907,scented,soap
1907,scented,soap
1907,scented,soap
1908,scented,sheet
1908,fragrant,harbinger
1908,fragrant,emblem
1908,fragrant,smell
1908,perfumed,silk
1908,perfumed,linen
1908,fragrant,hedge
1908,fragrant,path
1908,perfumed,water
1908,fragrant,flower
1908,fragrant,cluster
1908,fragrant,cedar
1908,sweet-smelling,pine
1908,fragrant,stillness
1908,scented,grass
1908,scented,june
1908,fragrant,thing
1909,scented,stationery
1909,scented,letter
1909,scented,moss
1909,scented,moss
1909,fragrant,extract
1909,scented,night
1909,fragrant,smoke
1909,fragrant,coffee
1909,perfumed,air
1909,fragrant,petal
1909,fragrant,night
1909,fragrant,sheet
1909,fragrant,white
1909,fragrant,heap
1909,fragrant,charm
1909,sweet-smelling,thing
1909,fragrant,spice
1909,fragrant,brown
1909,fragrant,pawpaws
1909,scented,trouble
1909,fragrant,branch
1909,fragrant,leaf
1909,scented,leaf
1909,sweet-smelling,spruce
1909,perfumed,notepaper
1909,fragrant,charm
1909,fragrant,whiff
1909,fragrant,haze
1909,fragrant,thicket
1909,fragrant,smoke
1909,fragrant,bark
1909,fragrant,dried
1909,fragrant,sage
1909,fragrant,silence
1909,fragrant,loveliness
1909,perfumed,night
1910,scented,sheet
1910,scented,dew
1910,perfumed,bath
1910,fragrant,forest
1910,scented,breath
1910,fragrant,silence
1910,fragrant,storm-wind
1910,fragrant,land
1910,sweet-smelling,grass
1910,fragrant,coffee
1910,scented,danger
1910,fragrant,coffee
1911,fragrant,havana
1911,fragrant,heart
1911,fragrant,shadow
1911,fragrant,darkness
1911,fragrant,pine
1911,fragrant,set
1911,fragrant,summer
1911,fragrant,darkness
1911,fragrant,smoke
1911,scented,room
1911,scented,shave
1911,fragrant,sheet
1911,fragrant,cloud
1911,fragrant,fold
1911,scented,air
1911,fragrant,taint
1912,fragrant,summer
1912,perfumed,air
1912,fragrant,breeze
1912,fragrant,coolness
1912,fragrant,beauty
1912,fragrant,mint
1912,perfumed,breath
1912,fragrant,cup
1912,scented,pink
1912,perfumed,freshness
1912,scented,glove
1912,fragrant,earth
1913,fragrant,smell
1913,fragrant,bloom
1913,scented,air
1913,scented,purple
1913,scented,grass
1913,perfumed,soap
1913,fragrant,brake
1913,fragrant,water-lily
1913,fragrant,heap
1913,scented,air
1913,scented,wind
1913,scented,dusk
1913,scented,breeze
1913,fragrant,past
1914,fragrant,incense
1914,perfumed,peony
1914,fragrant,bed
1914,perfumed,air
1914,perfumed,handkerchief
1914,perfumed,talcum
1914,fragrant,needle
1914,perfumed,breeze
1914,perfumed,alien
1914,sweet-smelling,flower
1914,perfumed,apache
1914,perfumed,lad
1914,fragrant,aroma
1914,scented,may
1914,fragrant,white
1914,fragrant,honeysuckle
1915,scented,possible
1915,fragrant,lemonade
1915,fragrant,breath
1915,scented,flower
1915,fragrant,pastime
1915,fragrant,roast
1916,scented,wood
1916,perfumed,thatthe
1916,scented,lace
1916,fragrant,hair
1916,fragrant,sea
1916,perfumed,sigh
1916,perfumed,dew
1916,sweet-smelling,soap-powder
1916,scented,powder
1917,perfumed,shade
1917,perfumed,shade
1917,fragrant,mass
1917,fragrant,border
1917,perfumed,breath
1917,perfumed,note
1917,fragrant,burden
1917,fragrant,pile
1917,fragrant,pitch
1917,scented,manuscript
1917,fragrant,hiss
1917,fragrant,stillness
1917,scented,glade
1917,fragrant,night
1917,fragrant,thread
1917,scented,garden
1917,fragrant,evening
1917,scented,rush
1917,scented,evening
1918,fragrant,rose
1918,scented,soap
1918,fragrant,blossom
1919,scented,danger
1919,fragrant,berry
1919,fragrant,smell
1919,fragrant,lilac
1919,fragrant,plume
1919,fragrant,smoke
1919,fragrant,smell
1919,fragrant,mist
1919,fragrant,herb
1919,scented,shadow
1919,scented,boudoir
1919,scented,breeze
1919,scented,earth
1919,scented,air
1919,fragrant,mass
1920,fragrant,blow
1920,fragrant,place
1920,sweet-smelling,dress
1920,fragrant,powder
1920,fragrant,summer
1920,perfumed,harriet
1920,scented,fume
1920,fragrant,moorish
1920,scented,bureau
1920,fragrant,immaculateness
1920,scented,hillside
1920,fragrant,springy
1920,fragrant,balsam
1920,fragrant,breath
1920,fragrant,nest
1920,fragrant,shrine
1920,fragrant,dew
1920,fragrant,soul
1920,fragrant,chalice
1920,fragrant,soul
1920,fragrant,basket
1920,fragrant,plume
1920,scented,lane
1920,fragrant,night
1920,fragrant,night
1920,scented,twilight
1920,fragrant,experience
1920,sweet-smelling,spice
1920,sweet-smelling,spice
1920,fragrant,silence
1920,scented,indian
1920,perfumed,token
1920,scented,romance
1920,perfumed,smoke
1920,scented,trophy
1920,scented,soap
1920,scented,powder
1920,fragrant,finger
1920,fragrant,smoke
1921,fragrant,sachet
1921,fragrant,liquid
1921,fragrant,treasure
1921,scented,fold
1921,fragrant,stain
1921,perfumed,cinch
1921,fragrant,cigar
1921,perfumed,fagots
1921,fragrant,garden
1921,fragrant,fire
1921,fragrant,bayberry
1921,fragrant,perfume
1921,fragrant,honeysuckle
1921,fragrant,wagonload
1921,fragrant,beauty
1921,fragrant,trail
1921,fragrant,morning
1921,perfumed,moustache
1921,scented,lace
1921,scented,sheet
1921,scented,note-paper
1921,scented,note-paper
1921,fragrant,flower
1921,perfumed,ribbon
1921,fragrant,flower
1921,fragrant,woman
1921,fragrant,silence
1921,scented,note
1921,scented,path
1921,fragrant,smell
1921,scented,pink
1921,fragrant,bloom
1921,fragrant,leaf
1921,fragrant,lane
1922,fragrant,coffee
1922,fragrant,green
1922,fragrant,blue
1922,perfumed,bridal
1922,scented,flannel
1922,scented,lace
1922,fragrant,smoke
1922,fragrant,draught
1922,fragrant,trap
1922,fragrant,amber
1922,fragrant,darkness
1922,fragrant,grass
1922,fragrant,field
1922,fragrant,bed
1922,fragrant,mixture
1922,scented,forest
1922,fragrant,evidence
1922,fragrant,witch
1922,scented,envelope
1922,fragrant,coffee
1922,perfumed,strand
1922,scented,night
1922,scented,tree
1922,scented,tree
1922,fragrant,embrace
1922,fragrant,presence
1922,fragrant,wood
1922,fragrant,pine
1922,perfumed,garment
1922,perfumed,garment
1922,fragrant,garden
1922,sweet-smelling,thing
1922,perfumed,hair
1922,perfumed,garment
1922,scented,envelope
1922,fragrant,contrast
1922,perfumed,garment
1922,perfumed,handkerchief
1922,scented,scrap
1922,perfumed,garment
1922,scented,humiliation
1922,fragrant,greenness
1922,scented,mountain
1922,perfumed,towel
1922,fragrant,desert
1922,scented,air
1922,fragrant,spike
1922,sweet-smelling,barricade
1922,fragrant,memory
1922,fragrant,dusk
1922,scented,kiss
1922,perfumed,morning
1922,fragrant,corn
1922,fragrant,kentucky
1922,scented,danger
1922,scented,oil
1922,scented,wind
1922,fragrant,smoke
1922,fragrant,smoke
1922,scented,soap
1922,fragrant,memory
1922,perfumed,air
1922,fragrant,case
1922,scented,bloom
1922,scented,breeze
1922,scented,star
1922,scented,hair
1922,fragrant,oil
1922,perfumed,snuff
1922,scented,fox
1922,sweet-smelling,timber
1922,scented,raiment
1922,fragrant,wild
1923,fragrant,flower
1923,scented,tea
1923,fragrant,balsam
1923,fragrant,tree
1923,scented,soap
1924,perfumed,axle-grease
1924,fragrant,tip
1925,scented,dish-water
1925,perfumed,fop
1925,fragrant,green
1928,perfumed,handkerchief
1928,perfumed,handkerchief
1929,perfumed,water
1929,perfumed,dandy
1930,perfumed,purity
1930,scented,cigarette
1930,fragrant,flower
1930,perfumed,dressmaker
1930,fragrant,smoke
1930,fragrant,hot
1930,fragrant,bloom
1930,fragrant,braid
1930,fragrant,girl
1930,fragrant,braid
1930,fragrant,parma
1930,perfumed,cigarette
1930,scented,air
1930,fragrant,wind
1930,fragrant,air
1930,fragrant,air
1930,fragrant,wind
1930,perfumed,dust
1930,scented,wind
1930,fragrant,torch
1930,perfumed,dust
1930,fragrant,timber
1931,sweet-smelling,needle
1931,perfumed,globe
1931,fragrant,yellow
1931,fragrant,mimosa
1931,fragrant,air
1931,fragrant,needle-strewn
1931,scented,toilet
1931,perfumed,handkerchief
1931,fragrant,pine
1931,fragrant,dream
1931,fragrant,paper
1931,fragrant,nearness
1931,sweet-smelling,grass
1931,scented,night
1931,fragrant,flower
1932,scented,money
1932,fragrant,wood
1932,scented,flood
1932,sweet-smelling,commonplacesof
1932,scented,harpoon
1932,fragrant,shadow
1932,fragrant,pine
1932,scented,blanket
1932,fragrant,hair
1932,scented,form
1932,fragrant,atmosphere
1932,fragrant,ash
1932,fragrant,warmth
1932,perfumed,cow
1932,perfumed,smiling
1932,fragrant,brown
1932,fragrant,liquid
1932,scented,lavender
1932,fragrant,strip
1932,fragrant,tangle
1933,scented,drama
1933,scented,flesh
1933,sweet-smelling,fat
1933,perfumed,eye
1933,fragrant,garden
1933,fragrant,garden
1934,scented,blackness
1934,fragrant,place
1934,fragrant,night
1934,fragrant,morning
1934,fragrant,smell
1934,perfumed,oil
1934,scented,water
1934,scented,head
1934,fragrant,girl
1934,scented,oil
1934,fragrant,morning
1934,scented,luxury
1934,fragrant,luxury
1934,scented,cigarette
1934,scented,cigarette
1934,scented,soap
1934,fragrant,luxury
1934,perfumed,girl
1934,sweet-smelling,rowan
1934,perfumed,breath
1934,fragrant,head
1934,perfumed,breath
1934,fragrant,lily
1935,fragrant,tea
1935,perfumed,camellia
1935,perfumed,hair
1935,perfumed,cigarette
1935,fragrant,leaf
1935,perfumed,oil
1935,fragrant,forkful
1935,perfumed,chamois
1935,perfumed,way
1935,sweet-smelling,dusk
1935,scented,bleach
1935,fragrant,glass.
1935,fragrant,mocha
1935,fragrant,garden
1935,scented,shoulder
1935,perfumed,depth
1936,scented,egyptian
1936,fragrant,mountain
1936,fragrant,rose
1936,fragrant,hair
1936,perfumed,cushion
1936,fragrant,bouquet
1936,perfumed,garment
1936,scented,body
1936,scented,evening
1936,scented,curl
1936,fragrant,steam
1936,sweet-smelling,dirt
1936,fragrant,smoke
1936,fragrant,tobacco
1937,fragrant,windrow
1937,fragrant,clover
1937,scented,air
1937,fragrant,yellow
1937,perfumed,prettiness
1938,sweet-smelling,shrub
1938,fragrant,bouquet
1938,sweet-smelling,shrub
1938,perfumed,powder
1938,sweet-smelling,box
1938,perfumed,handkerchief
1938,fragrant,apricot
1938,fragrant,place
1938,perfumed,gust
1939,fragrant,coffee
1939,fragrant,channel
1939,fragrant,wallflower
1939,sweet-smelling,flower
1939,fragrant,odor
1939,fragrant,april
1939,fragrant,coffee
1939,scented,island
1939,fragrant,smoothness
1940,perfumed,pekingese
1940,fragrant,aroma
1940,perfumed,child
1940,fragrant,air
1941,perfumed,salon
1941,fragrant,belly
1941,fragrant,belly
1941,fragrant,coffee
1941,fragrant,darkness
1941,fragrant,body
1941,fragrant,little
1941,fragrant,land
1941,perfumed,perspiration
1941,perfumed,night
1941,scented,organdy
1941,fragrant,cigar
1941,fragrant,mow
1942,fragrant,air
1942,fragrant,warmth
1942,fragrant,kind
1942,perfumed,warmth
1942,sweet-smelling,cardboard
1942,perfumed,bath
1942,scented,air
1943,fragrant,hearthbakedbread
1943,fragrant,bowl
1943,perfumed,woman
1943,fragrant,orrisroot
1943,fragrant,smoke
1943,fragrant,cloud
1943,fragrant,puff
1943,scented,soap
1943,perfumed,rag
1943,scented,rag
1943,sweet-smelling,warm
1943,sweet-smelling,cedar
1943,fragrant,ground
1943,fragrant,pine
1943,fragrant,leaf
1943,fragrant,bloom
1944,perfumed,dampness
1944,fragrant,boxes.
1944,perfumed,thatthe
1944,sweet-smelling,blossom
1944,scented,handkerchief
1944,fragrant,tobacco
1944,sweet-smelling,pine
1944,perfumed,light
1944,fragrant,homecured
1944,sweet-smelling,darkness
1944,sweet-smelling,meadow
1944,fragrant,canopy
1944,fragrant,shade
1944,scented,realm
1945,fragrant,lily
1945,fragrant,witchery
1945,fragrant,fluid
1945,fragrant,crop
1945,fragrant,arm
1945,scented,arbor
1945,perfumed,fume
1945,scented,lane
1945,scented,powdercaught
1945,scented,bath
1945,fragrant,domain
1945,perfumed,soap
1945,perfumed,charm
1945,sweet-smelling,rose
1946,fragrant,little
1946,scented,woman
1946,fragrant,field
1946,fragrant,sky
1946,fragrant,store
1946,fragrant,weed
1946,scented,flower
1946,sweet-smelling,shrubbery
1946,fragrant,oil
1946,perfumed,silk
1946,scented,soap
1946,scented,cheek
1946,fragrant,bath
1946,fragrant,pork
1946,sweet-smelling,shrub
1946,fragrant,sigh
1946,scented,woodland
1947,perfumed,disinfectant
1947,sweet-smelling,soap
1947,sweet-smelling,softened
1947,perfumed,hand
1947,fragrant,water
1947,scented,silk
1947,scented,gloom
1947,fragrant,silence
1947,scented,note
1947,fragrant,cleanliness
1947,fragrant,immaculateness
1948,perfumed,snuff
1948,scented,red
1948,fragrant,smoke
1948,fragrant,tea
1948,scented,soap
1948,scented,ionian
1948,perfumed,bath
1949,sweet-smelling,path
1949,sweet-smelling,oil
1949,perfumed,weight
1949,perfumed,wine
1949,fragrant,thing
1949,fragrant,smoke
1949,fragrant,food
1949,fragrant,food
1949,fragrant,air
1950,perfumed,epidermis
1950,sweet-smelling,salve
1951,perfumed,hell
1951,perfumed,air
1951,scented,doxy
1951,perfumed,dandy
1951,fragrant,smoke
1951,fragrant,bundle
1951,scented,morning
1951,scented,little
1952,fragrant,tunnel
1952,sweet-smelling,flower
1952,scented,perfume
1952,scented,air
1952,scented,green
1952,fragrant,flask
1952,fragrant,texas
1952,fragrant,mountainnight
1952,scented,darkness
1952,perfumed,sail
1952,scented,glue
1952,scented,room
1952,sweet-smelling,water
1952,fragrant,black
1953,sweet-smelling,cluster
1953,perfumed,wife
1953,fragrant,cigar
1953,fragrant,clothes
1953,scented,envelope
1953,fragrant,delight
1953,fragrant,odor
1953,fragrant,smell
1954,scented,flesh
1954,scented,yule
1954,fragrant,hair
1954,fragrant,herb
1954,scented,femininity
1954,fragrant,lady
1954,perfumed,cream
1954,scented,oil
1954,perfumed,bath
1954,scented,cyanide
1954,fragrant,lantana
1954,scented,warmth
1955,scented,sachet
1955,fragrant,tobacco
1955,fragrant,blackness
1955,sweet-smelling,straw
1955,scented,handkerchief
1955,perfumed,field
1955,perfumed,water
1955,scented,oil
1955,fragrant,weed
1956,fragrant,chowder
1956,perfumed,disgust
1956,perfumed,water
1956,scented,jar
1956,sweet-smelling,fir
1956,scented,dark
1956,sweet-smelling,brilliantine
1956,scented,sweet
1956,fragrant,flower
1956,fragrant,flower
1956,scented,paper
1956,fragrant,wild
1956,fragrant,onion
1957,fragrant,cavern
1957,sweet-smelling,farmhouse
1957,fragrant,gloom
1957,fragrant,clothes
1957,fragrant,garden
1957,fragrant,body
1957,scented,ground
1957,scented,whiteness
1957,fragrant,bed
1957,fragrant,tangerine
1957,perfumed,blanket
1958,fragrant,weed
1958,scented,hand
1958,sweet-smelling,wind
1958,scented,silence
1958,perfumed,murmur
1958,fragrant,endearment
1958,fragrant,fresh
1958,fragrant,norway
1958,fragrant,olive
1958,scented,water
1958,fragrant,norway
1959,scented,soap
1959,fragrant,dust
1959,fragrant,june
1959,fragrant,air
1959,perfumed,young
1959,perfumed,woman
1959,scented,gardenia
1959,perfumed,female
1959,fragrant,preparation
1959,perfumed,handkerchief
1959,scented,darkness
1959,fragrant,lesser
1960,scented,envelope
1960,fragrant,bread
1960,perfumed,catherine
1960,fragrant,aisle
1960,fragrant,flower
1960,scented,drop
1960,fragrant,skin
1960,fragrant,death
1960,fragrant,bloom
1960,fragrant,smoke
1960,scented,water
1961,fragrant,mole
1961,scented,air
1961,fragrant,hair
1961,fragrant,dust
1961,fragrant,panicles
1961,sweet-smelling,darling
1961,fragrant,rum
1961,perfumed,oil
1962,scented,lacquer
1962,sweet-smelling,witch
1962,perfumed,cotton
1962,fragrant,cloud
1963,perfumed,envelope
1963,perfumed,satin
1963,perfumed,water
1963,fragrant,steam
1963,perfumed,night
1963,sweet-smelling,lotion
1964,sweet-smelling,tall
1964,fragrant,shade
1964,scented,water
1964,fragrant,air
1964,fragrant,smell
1964,perfumed,will
1965,perfumed,run
1965,perfumed,noon
1965,fragrant,hill
1965,fragrant,muck
1965,perfumed,woman
1965,perfumed,insect
1965,scented,herb
1966,fragrant,little
1966,fragrant,juice
1966,fragrant,solidity
1966,fragrant,armpit
1966,fragrant,imprecise
1966,fragrant,garment
1966,scented,wine
1966,perfumed,wine
1966,perfumed,bedroom
1966,perfumed,soap
1966,perfumed,blue
1966,scented,handkerchief
1966,sweet-smelling,lilac
1966,perfumed,handkerchiefover
1966,scented,note
1967,fragrant,bouvardia
1967,fragrant,honeysuckle
1967,sweet-smelling,nurse
1967,fragrant,shade
1967,scented,shade
1967,fragrant,flower
1967,fragrant,terminal
1967,perfumed,octopoid
1967,scented,female
1967,sweet-smelling,tea
1967,scented,couch
1967,perfumed,water
1967,fragrant,garden
1968,fragrant,essence
1968,sweet-smelling,friend
1968,fragrant,cellar
1968,scented,field
1968,scented,handkerchief
1968,fragrant,half
1968,scented,rise
1968,fragrant,fruit
1968,fragrant,dusk
1969,perfumed,breath
1969,sweet-smelling,leaf
1969,scented,douche
1969,perfumed,paper
1969,sweet-smelling,cowboy
1970,fragrant,odor
1970,scented,soap
1970,perfumed,woman
1970,scented,smoke
1970,scented,silence
1970,fragrant,shrub
1970,perfumed,david
1970,perfumed,banality
1970,fragrant,petal
1970,scented,air
1970,perfumed,embrace
1970,fragrant,blue
1971,scented,cheroot
1971,scented,sweet
1971,scented,air
1971,perfumed,garden
1971,perfumed,garden
1971,scented,handkerchief
1971,scented,air
1971,perfumed,amber
1971,fragrant,pine
1972,perfumed,flesh
1972,fragrant,bowl
1972,scented,soap
1972,perfumed,air
1972,fragrant,wash
1972,scented,soap
1972,perfumed,cigarette
1972,fragrant,fruit
1972,scented,candle
1972,fragrant,smoke
1972,scented,soap
1973,fragrant,cigar
1973,sweet-smelling,night
1974,fragrant,earth
1974,scented,tree
1974,fragrant,mutton
1975,fragrant,verge
1975,sweet-smelling,breath
1975,fragrant,rest
1975,scented,water
1976,scented,heap
1976,perfumed,barge
1976,fragrant,sack
1976,perfumed,embrace
1976,perfumed,letter
1976,perfumed,fresh
1976,scented,air
1977,fragrant,darkness
1977,scented,hot
1977,fragrant,lamb
1977,scented,notepaper
1977,perfumed,dandy
1977,scented,water
1977,perfumed,water
1977,perfumed,wax
1977,fragrant,oil
1977,perfumed,content
1977,fragrant,wreath
1977,fragrant,aroma
1977,fragrant,bloom
1978,perfumed,note
1978,scented,note
1978,scented,danger
1978,perfumed,shithouse
1978,scented,steam
1979,fragrant,herb
1979,fragrant,hair
1979,fragrant,smell
1979,fragrant,meadow
1979,scented,back
1979,fragrant,bath
1979,sweet-smelling,body
1979,fragrant,part
1979,fragrant,part
1979,scented,hair
1979,sweet-smelling,herb
1979,fragrant,tree
1979,fragrant,glade
1979,fragrant,hair
1979,fragrant,odor
1980,fragrant,darkness
1980,fragrant,morning
1980,fragrant,german
1980,fragrant,log
1980,fragrant,fir
1980,perfumed,black
1980,perfumed,handkerchief
1980,scented,wind
1980,sweet-smelling,eucalyptus
1981,fragrant,grease
1981,scented,water
1981,scented,oil
1981,fragrant,face
1981,perfumed,sky
1981,perfumed,robe
1981,scented,belly
1981,sweet-smelling,girl
1981,scented,water
1981,scented,oil
1981,scented,sud
1982,perfumed,cloud
1982,perfumed,cloud
1982,perfumed,leather
1982,fragrant,green
1983,fragrant,smoke
1983,scented,oil
1983,fragrant,mai
1983,scented,ointment
1983,perfumed,soap
1983,perfumed,transvestite
1983,fragrant,dusty
1983,fragrant,smoke
1984,fragrant,blossom
1984,fragrant,garden
1984,sweet-smelling,ointment
1984,perfumed,silk
1984,fragrant,hair
1985,fragrant,island
1985,scented,pink
1985,scented,air
1985,fragrant,air
1985,fragrant,air
1985,scented,breeze
1986,sweet-smelling,breath
1986,fragrant,straw
1986,perfumed,air
1986,fragrant,august
1986,fragrant,old
1986,fragrant,promise
1986,fragrant,memento
1986,scented,air
1986,perfumed,soap
1987,fragrant,heat
1987,fragrant,oil
1987,perfumed,oil
1987,fragrant,white
1987,fragrant,grass
1987,scented,candle
1987,fragrant,stream
1987,fragrant,brush
1987,fragrant,water
1988,fragrant,tea
1988,fragrant,stalk
1988,scented,letter
1988,scented,wine
1989,fragrant,red
1989,fragrant,haystack
1989,scented,negligee
1989,perfumed,woman
1989,sweet-smelling,smoke
1989,perfumed,hair
1989,scented,prey
1989,scented,soap
1992,fragrant,mint
1992,fragrant,wad
1992,sweet-smelling,straw
1992,sweet-smelling,stream
1992,fragrant,bouquet
1992,fragrant,eden
1992,perfumed,card
1992,perfumed,comforter
1992,fragrant,girl
1992,perfumed,ointment
1993,fragrant,white
1993,perfumed,silk
1993,perfumed,water
1993,fragrant,hedge
1993,fragrant,mouse
1993,fragrant,allure
1993,fragrant,tropical
1993,fragrant,joint
1993,fragrant,offer
1993,scented,candle
1993,fragrant,air
1993,fragrant,juniper
1993,fragrant,air
1993,fragrant,dish
1993,sweet-smelling,wood
1993,fragrant,tea
1993,sweet-smelling,white
1993,scented,greenery
1993,scented,candle
1993,scented,soap
1993,fragrant,hot
1993,fragrant,friend
1993,fragrant,moss
1993,fragrant,wreath
1993,fragrant,brown
1993,fragrant,lavender
1993,fragrant,blossom
1993,fragrant,steam
1993,fragrant,clothespress
1993,scented,candle
1993,scented,sachet
1993,fragrant,chicken
1993,scented,frond
1993,sweet-smelling,wooden
1993,fragrant,summer
1993,scented,sheet
1993,perfumed,flower
1993,fragrant,homemade
1993,fragrant,round
1993,fragrant,irish
1993,scented,water
1993,fragrant,hot
1993,fragrant,stem
1993,fragrant,field
1994,scented,oil
1994,fragrant,wrigley
1994,fragrant,tree
1994,sweet-smelling,hay
1994,fragrant,clean-u-lichen
1994,scented,water
1994,sweet-smelling,base
1995,fragrant,liquor
1995,sweet-smelling,dust
1995,perfumed,slipstream
1995,scented,smoke
1995,fragrant,humidity
1995,scented,water
1995,fragrant,cigarette
1995,scented,moss
1995,scented,candle-darkness
1996,scented,oil
1996,fragrant,mock-orange
1996,scented,cat
1996,perfumed,smell
1996,scented,air
1996,perfumed,skin
1997,perfumed,room
1997,sweet-smelling,blossom
1997,fragrant,steam
1997,fragrant,perfection
1997,scented,candle
1997,sweet-smelling,beauty
1997,fragrant,night
1997,fragrant,black
1997,perfumed,new
1997,scented,water
1997,sweet-smelling,waxy
1998,scented,bath
1998,scented,rainwater
1998,scented,cloud
1998,fragrant,clump
1998,perfumed,cream
1998,perfumed,lair
1998,fragrant,english
1998,fragrant,odor
1998,fragrant,shiver
1998,fragrant,cup
1998,fragrant,morning
1998,fragrant,black
1998,fragrant,apple
1998,perfumed,laundry
1998,fragrant,incense
1998,fragrant,smoke
1999,fragrant,harbor
1999,fragrant,wand
1999,fragrant,canopy
1999,fragrant,fire
1999,fragrant,cup
1999,perfumed,tangle
1999,perfumed,rosy
1999,scented,lunar
1999,fragrant,blend
1999,fragrant,shadow
1999,scented,electrolyte
1999,scented,blur
1999,fragrant,air
1999,perfumed,warmth
1999,fragrant,cloth
1999,scented,smoke
1999,scented,bath
1999,perfumed,oil
1999,perfumed,handkerchief
1999,fragrant,dark
2000,fragrant,potpourri
2000,scented,wood
2000,fragrant,tub
2000,scented,solitude
2000,fragrant,water
2000,fragrant,bedding
2000,fragrant,ghost
2000,scented,evening
2000,fragrant,bank
2000,perfumed,self
2000,scented,potion
2000,scented,darkness
2001,fragrant,tea
2001,fragrant,smell
2001,fragrant,smother
2001,scented,garland
2001,scented,air
2001,sweet-smelling,hay
2001,fragrant,flower
2001,perfumed,cheek
2001,perfumed,air
2001,sweet-smelling,sweat
2001,sweet-smelling,mist
2001,scented,soap
2001,perfumed,water
2001,scented,slipstream
2001,sweet-smelling,sandalwood
2001,scented,hair
2001,perfumed,shoulder
2001,perfumed,cloud
2001,perfumed,cloud
2001,perfumed,stationery
2001,fragrant,air
2001,perfumed,pine
2001,perfumed,water
2002,fragrant,juniper
2002,fragrant,juniper
2002,fragrant,arm
2002,sweet-smelling,water
2002,perfumed,handkerchief
2002,fragrant,ambrosia
2002,scented,air
2002,perfumed,interior
2002,fragrant,cotton
2002,fragrant,word
2002,scented,candle
2002,fragrant,summer
2002,perfumed,tea
2003,scented,lip
2003,perfumed,fingertip
2003,fragrant,pot
2003,sweet-smelling,tobacco
2003,fragrant,breast
2003,scented,geranium
2003,perfumed,linen
2003,fragrant,trade
2003,fragrant,coconut
2003,fragrant,hair
2003,scented,soap
2003,perfumed,darkness
2003,fragrant,steam
2003,perfumed,bath
2003,sweet-smelling,grass
2003,scented,tissue
2003,scented,wax
2003,sweet-smelling,clay
2004,fragrant,wildflowers
2004,scented,white
2004,fragrant,year
2004,fragrant,oil
2004,fragrant,aroma
2004,fragrant,white
2004,scented,candle
2004,fragrant,breeze
2004,scented,one
2004,perfumed,oil
2004,scented,candle
2004,sweet-smelling,stuff
2004,fragrant,oil
2004,sweet-smelling,son
2004,perfumed,sea
2004,perfumed,sea
2004,perfumed,sea
2005,scented,air
2005,sweet-smelling,incense
2005,perfumed,boy
2005,fragrant,liquid
2005,sweet-smelling,herb
2005,perfumed,blend
2005,scented,coconut
2005,sweet-smelling,little
2005,fragrant,breeze
2005,fragrant,grass
2005,scented,goodness
2005,fragrant,evaporate
2006,scented,air
2006,scented,wood
2006,sweet-smelling,pubic
2006,sweet-smelling,cloud
2006,fragrant,pink
2006,scented,jasmine
2006,fragrant,place
2006,scented,candle
2006,fragrant,flower
2006,fragrant,tea
2006,perfumed,wrist
2006,fragrant,tree
2006,fragrant,bush
2006,scented,soap
2006,fragrant,air
2006,fragrant,wild
2006,perfumed,breath
2007,perfumed,soap
2007,perfumed,summer
2007,perfumed,old
2007,perfumed,cream
2007,fragrant,air
2007,fragrant,goddess
2007,fragrant,goddess
2007,fragrant,goddess
2007,fragrant,goddess
2007,fragrant,goddess
2007,fragrant,goddess
2007,fragrant,bread
2007,scented,candle
2008,scented,oil
2008,sweet-smelling,field
2008,fragrant,moist
2008,fragrant,smell
2008,sweet-smelling,pillow
2008,fragrant,smell
2008,scented,handkerchief
2009,scented,white
2009,sweet-smelling,flower
2009,fragrant,bay
2009,scented,candle
2009,scented,evening
2009,fragrant,smoke
2009,fragrant,pale
2009,perfumed,attacker
1823,fragrant,phlox
1825,perfumed,atmosphere
1828,scented,red
1829,fragrant,wind
1832,fragrant,breath
1832,perfumed,garden
1835,fragrant,blossom
1835,fragrant,tribute
1838,fragrant,breath
1840,perfumed,bowers
1841,fragrant,air
1843,fragrant,incense
1845,perfumed,island
1850,scented,herb
1851,fragrant,buckwheat
1851,fragrant,memory
1853,fragrant,flower
1853,fragrant,weed
1853,fragrant,virtue
1853,fragrant,flower
1854,scented,air
1854,perfumed,liquid
1855,fragrant,herhs
1855,fragrant,herb
1855,fragrant,content
1855,fragrant,drink
1855,fragrant,balm
1855,fragrant,decoction
1855,fragrant,flower
1855,perfumed,lock
1856,fragrant,blossom
1856,fragrant,exhalation
1857,fragrant,shrine
1857,fragrant,plant
1857,scented,tea
1857,fragrant,petal
1858,fragrant,birch
1858,perfumed,
1859,perfumed,one
1862,fragrant,coolness
1863,fragrant,berry
1863,fragrant,bed
1864,perfumed,flower
1864,perfumed,wind
1864,fragrant,tree
1864,fragrant,breath
1864,fragrant,atmosphere
1864,fragrant,flower
1865,fragrant,memory
1865,fragrant,lamp
1865,perfumed,air
1866,perfumed,weapon
1866,scented,atmosphere
1866,fragrant,eglantine
1868,fragrant,tobacco
1868,fragrant,odor
1869,perfumed,beauty
1870,scented,mixture
1870,fragrant,globe
1870,fragrant,smoke
1872,perfumed,dandy
1872,fragrant,weed
1873,fragrant,hyson
1873,fragrant,blossom
1873,fragrant,pine
1874,fragrant,oil
1875,fragrant,spire
1875,fragrant,milky
1875,fragrant,steam
1876,perfumed,napkin
1876,sweet-smelling,soap
1876,fragrant,coffee
1876,fragrant,myrtle
1876,fragrant,orchard
1876,fragrant,freshness
1876,fragrant,pine
1877,perfumed,hay
1877,scented,byway
1877,fragrant,bed
1877,fragrant,hay
1877,fragrant,flower
1878,fragrant,crystal
1879,fragrant,beverage
1880,fragrant,draught
1881,fragrant,flower
1882,fragrant,garden
1882,fragrant,jessamine
1882,fragrant,jessamine
1883,fragrant,orange
1883,fragrant,cup
1884,fragrant,hay
1885,fragrant,suburb
1885,fragrant,cargo
1885,fragrant,gale
1885,fragrant,air
1887,fragrant,blossom
1887,fragrant,clover
1888,fragrant,fern
1888,fragrant,wreath
1889,fragrant,burden
1890,fragrant,bunch
1890,fragrant,bower
1891,fragrant,wild
1891,fragrant,birch
1893,fragrant,shell
1893,fragrant,sauce
1893,fragrant,odor
1894,fragrant,lace
1894,fragrant,burden
1895,perfumed,lady
1895,fragrant,bed
1896,fragrant,sandal
1897,perfumed,breath
1898,fragrant,wood
1899,scented,forest
1899,scented,danger
1899,fragrant,sentence
1900,fragrant,mug
1900,fragrant,memory
1902,fragrant,hower
1902,fragrant,rose
1902,scented,bloom
1903,fragrant,leaf
1903,fragrant,aroma
1903,fragrant,violet
1904,fragrant,purple
1904,scented,goldenrod
1905,scented,soap
1905,fragrant,tea
1905,fragrant,sigh
1905,perfumed,tea
1905,scented,soap
1906,fragrant,fir
1906,fragrant,load
1906,fragrant,fluid
1907,fragrant,short
1908,fragrant,steam
1908,fragrant,petal
1909,fragrant,air
1909,fragrant,incense
1909,fragrant,flower
1909,fragrant,wind
1910,fragrant,hay
1910,fragrant,chip
1910,fragrant,odor
1910,fragrant,white
1911,sweet-smelling,wood
1911,fragrant,summer
1911,scented,dusk
1911,fragrant,wintergreen
1911,fragrant,heap
1911,fragrant,pile
1911,scented,flower
1911,fragrant,air
1911,fragrant,night
1911,perfumed,linen
1911,fragrant,night
1912,fragrant,beauty
1912,fragrant,mistress
1913,fragrant,apple
1913,fragrant,hay
1913,fragrant,hay
1913,fragrant,hay-barn
1915,fragrant,history
1915,scented,coffee
1915,perfumed,gentleman
1915,perfumed,water
1915,scented,variety
1916,fragrant,bloom
1916,perfumed,air
1916,fragrant,gloom
1916,fragrant,name
1916,scented,water
1917,scented,boudoir
1917,fragrant,soup
1917,fragrant,poetry
1918,fragrant,ash
1919,scented,steam
1920,scented,pod
1920,fragrant,good
1920,fragrant,ether
1922,fragrant,scent
1922,fragrant,flower
1922,scented,orchis
1922,fragrant,area
1922,fragrant,plant
1922,fragrant,particle
1922,scented,leaf
1922,fragrant,gum
1922,fragrant,gum
1922,fragrant,tree
1922,scented,taper
1922,fragrant,water
1922,fragrant,candle
1922,scented,glove
1922,fragrant,part
1922,fragrant,bloom
1922,scented,cedar
1923,perfumed,plain
1923,scented,soap
1923,scented,clover
1923,scented,liqueur
1924,perfumed,phantom
1924,scented,leaf
1924,fragrant,forest
1924,fragrant,letter
1924,fragrant,canopy
1924,scented,field
1925,sweet-smelling,resin
1925,fragrant,wild
1926,perfumed,note
1926,scented,taste
1926,sweet-smelling,fellow
1928,perfumed,gigolo
1928,perfumed,writer
1928,fragrant,comfort
1928,scented,note
1928,fragrant,fruit
1929,fragrant,bale
1929,scented,ruin
1930,fragrant,blossom
1930,scented,bloom
1930,fragrant,picture
1931,fragrant,garden
1932,scented,flower
1933,fragrant,stream
1933,fragrant,orange
1933,fragrant,waft
1933,fragrant,orange
1933,perfumed,drain
1934,fragrant,union
1934,sweet-smelling,rose
1935,scented,orange
1935,perfumed,air
1935,scented,orange
1935,perfumed,sentiment
1935,scented,orange
1936,fragrant,breeze
1936,fragrant,scent
1936,scented,loveliness
1936,scented,loveliness
1937,scented,bower
1937,fragrant,yard
1937,perfumed,water
1938,sweet-smelling,native
1939,scented,cheek
1939,fragrant,hothouse
1939,fragrant,blossom
1939,fragrant,spice
1939,sweet-smelling,perfume
1940,fragrant,coffee
1941,perfumed,soap
1941,scented,garden
1941,scented,garden
1942,scented,bath
1942,perfumed,bath
1943,fragrant,smoke
1944,scented,breath
1944,sweet-smelling,air
1944,fragrant,grove
1944,fragrant,chi-chi
1945,perfumed,mascara
1945,fragrant,sagebrush
1946,fragrant,eucalyptus
1947,sweet-smelling,honey
1947,fragrant,censer
1947,perfumed,world
1947,fragrant,oratorical
1948,scented,baby
1948,fragrant,gladiolus
1948,fragrant,red
1948,perfumed,folder
1949,fragrant,summer
1950,fragrant,bouquet
1950,sweet-smelling,pine
1952,scented,water
1952,fragrant,snowfall
1952,fragrant,grapefruit
1953,perfumed,talcum
1953,fragrant,leaf
1954,fragrant,cigar
1955,perfumed,beauty
1956,fragrant,orchard
1957,scented,brand
1960,scented,prose
1961,perfumed,poison-pen
1961,perfumed,gloom
1961,fragrant,tenderness
1963,fragrant,wood
1963,scented,sheet
1964,scented,water
1964,perfumed,corruption
1964,perfumed,linen
1966,scented,paper
1967,fragrant,eucalyptus
1967,perfumed,garden
1967,perfumed,lord
1967,scented,lagoon
1970,scented,trouble
1970,scented,advertisement
1970,scented,ink
1970,scented,disaster
1970,scented,betel
1971,fragrant,bouquet
1971,fragrant,oil
1972,fragrant,aroma
1972,fragrant,salted
1973,sweet-smelling,shed
1974,perfumed,fortune
1975,perfumed,hairdressing
1976,fragrant,wheel
1976,fragrant,pod
1976,perfumed,dress
1979,perfumed,air
1979,fragrant,hay
1980,scented,candle
1982,fragrant,old
1983,perfumed,wax
1984,perfumed,forest
1984,fragrant,ditto
1985,perfumed,malice
1985,scented,social
1985,fragrant,dough
1985,fragrant,pine
1986,perfumed,mood
1987,fragrant,eucalyptus
1987,fragrant,fare
1987,fragrant,earth
1987,scented,oil
1988,fragrant,tagine
1988,fragrant,star
1988,fragrant,oil
1988,fragrant,white
1988,scented,chicken
1988,scented,settee
1989,fragrant,bunch
1989,scented,air
1989,perfumed,banci
1990,fragrant,mint
1990,perfumed,delicacy
1990,fragrant,selection
1990,fragrant,bloom
1990,scented,tobacco
1990,scented,flower
1990,fragrant,yellow
1990,fragrant,white
1991,fragrant,advice
1991,sweet-smelling,scent
1992,perfumed,die
1992,fragrant,wood
1992,fragrant,frangipani
1992,fragrant,old
1993,scented,mall
1993,scented,foot
1993,fragrant,wine
1995,fragrant,countryside
1995,fragrant,beast
1995,scented,lotion
1996,fragrant,wreath
1996,scented,natural
1996,fragrant,flower
1998,fragrant,needle
1998,fragrant,plant
1998,scented,body
1999,scented,wax
1999,fragrant,herb
1999,fragrant,alternative
2000,fragrant,pine
2000,scented,candle
2000,fragrant,fir
2000,fragrant,sauce
2001,fragrant,plum
2001,fragrant,rose
2001,fragrant,rose
2001,fragrant,aroma
2001,sweet-smelling,wildflowers
2001,scented,soap
2001,fragrant,wood
2001,fragrant,centerpiece
2001,scented,candle
2001,fragrant,dried
2002,fragrant,bulb
2002,scented,bath
2002,fragrant,saffron
2002,fragrant,saffron
2002,fragrant,saffron
2002,perfumed,talc
2002,fragrant,body
2002,perfumed,body
2002,fragrant,body
2002,fragrant,lily
2002,fragrant,secretary
2002,fragrant,breeze
2002,scented,mask
2002,scented,eye
2003,fragrant,spice
2003,fragrant,bouquet
2003,scented,candle
2003,scented,candle
2003,perfumed,candle
2003,scented,bath
2003,fragrant,cinnamon
2004,fragrant,bourbon
2004,scented,rice
2004,scented,rice
2004,scented,flower
2005,scented,palm
2006,sweet-smelling,wake-me-up
2006,scented,warmth
2006,sweet-smelling,house
2006,scented,victory
2006,fragrant,topping
2006,scented,body
2006,fragrant,sorbet
2007,fragrant,bath
2007,sweet-smelling,blossom
2007,scented,flower
2009,perfumed,soap
2009,scented,soap
1877,fragrant,tea
1878,fragrant,herb
1879,fragrant,herb
1895,fragrant,mixture
1899,fragrant,pineapple
1903,perfumed,handkerchief
1909,perfumed,bath
1912,perfumed,affair
1918,fragrant,steam
1930,fragrant,hope
1933,fragrant,element
1939,fragrant,open
1950,scented,scrod
1953,perfumed,note
1957,fragrant,camembert
1980,scented,wisteria
1980,scented,spray
1981,fragrant,scent
1982,fragrant,blossom
1987,fragrant,one
1987,fragrant,flower
1987,fragrant,flower
1987,fragrant,pear
1989,fragrant,orange
1989,fragrant,stockyard
1991,scented,geranium
1994,perfumed,hue
1994,perfumed,soap
1994,scented,soap
1994,fragrant,oil
1994,fragrant,whiff
1995,fragrant,--
1995,fragrant,gazpacho
1996,fragrant,tip
1997,scented,soap
1997,fragrant,seafood
1997,fragrant,rosemary
1997,scented,geranium
1997,fragrant,redwood
1997,fragrant,duck
1998,scented,candle
2003,fragrant,lily
2004,sweet-smelling,candle
2005,fragrant,aroma
2006,fragrant,tomato
2007,fragrant,scent
2007,scented,applesauce
2007,fragrant,hardwood
2007,fragrant,herb
1817,fragrant,offer
1829,perfumed,bath
1832,fragrant,blossom
1833,fragrant,flower
1838,fragrant,flower
1838,fragrant,honeysuckle
1838,fragrant,nectar
1841,fragrant,gum
1841,fragrant,gummy
1841,fragrant,birch
1841,fragrant,blossom
1841,fragrant,substance
1841,fragrant,flower
1841,fragrant,flower
1843,fragrant,purity
1843,fragrant,perfume
1843,scented,wash-balls
1844,scented,ayrshire
1844,fragrant,blooming
1844,scented,rose
1844,scented,variety
1844,fragrant,rose
1844,scented,rose
1844,fragrant,flower
1844,fragrant,commerce
1845,perfumed,louis
1845,perfumed,flavour
1845,perfumed,flavour
1845,perfumed,flavour
1845,perfumed,flavour
1845,perfumed,flavour
1845,perfumed,flavour
1845,perfumed,cherry
1847,fragrant,flower
1847,scented,fop
1847,scented,trail
1849,fragrant,flower
1849,fragrant,shrub
1849,fragrant,flower
1849,fragrant,flower
1850,perfumed,flavor.
1850,perfumed,flavor
1850,perfumed,flavor
1850,perfumed,flavor
1851,fragrant,species
1851,fragrant,flower
1851,fragrant,flower
1851,fragrant,flower
1851,fragrant,flower
1851,fragrant,flower
1851,fragrant,Martynea
1851,fragrant,flower
1851,fragrant,flower
1851,fragrant,hardy
1851,fragrant,climber
1851,fragrant,flower
1851,fragrant,flower
1851,fragrant,flower
1851,fragrant,scent
1851,fragrant,currant
1851,fragrant,flower
1851,fragrant,flower
1851,fragrant,flower
1851,perfumed,flower
1851,fragrant,shrub
1852,fragrant,shade
1853,fragrant,sweet
1853,fragrant,odor
1853,scented,sugar-water
1854,fragrant,flower
1856,fragrant,scent
1856,fragrant,weed
1856,fragrant,blossom
1856,fragrant,breeze
1856,scented,sword-grass
1856,fragrant,--
1856,fragrant,couch
1856,fragrant,haunt
1856,fragrant,bank
1858,perfumed,aroma
1858,perfumed,flavor
1858,perfumed,rix
1858,perfumed,juice
1859,perfumed,breath
1863,fragrant,blossom
1863,fragrant,plantation
1863,fragrant,bloom
1863,perfumed,rose
1863,scented,flower
1863,perfumed,water
1863,perfumed,flower
1865,fragrant,flower
1868,perfumed,glove
1868,scented,fountain
1868,fragrant,flower
1868,fragrant,odour
1869,fragrant,odor
1869,perfumed,chambers
1870,fragrant,flower
1870,perfumed,powder
1870,perfumed,cocoa-nut
1870,perfumed,grove
1870,fragrant,leaf
1870,fragrant,magnolia
1871,sweet-smelling,flower
1872,fragrant,sausage
1872,fragrant,seed
1872,scented,violet
1873,fragrant,hay-carts
1873,fragrant,wood
1873,scented,vine
1873,fragrant,drop
1874,scented,herb
1874,scented,herb
1874,perfumed,water
1874,sweet-smelling,flower
1874,scented,water
1875,fragrant,air
1875,fragrant,pine-knots
1875,fragrant,twig
1875,fragrant,tobacco
1876,fragrant,privacy
1876,fragrant,pit
1877,perfumed,air
1879,fragrant,canopy
1879,fragrant,fruit
1880,fragrant,aisle
1880,fragrant,meadow
1880,fragrant,fruit
1880,fragrant,emblem
1880,fragrant,air
1880,fragrant,smoke
1882,fragrant,thing
1882,fragrant,air
1883,fragrant,heap
1883,fragrant,air
1883,fragrant,night
1883,fragrant,tropic
1883,fragrant,aroma
1883,scented,flower
1884,fragrant,plant
1884,fragrant,moss
1884,fragrant,flower
1887,perfumed,hair
1889,fragrant,herb
1889,fragrant,smoke
1889,fragrant,flower
1889,fragrant,forest
1889,fragrant,flower
1889,fragrant,forest
1889,sweet-smelling,pine
1891,fragrant,storm-wind
1891,fragrant,land
1891,fragrant,smoke
1891,scented,myall
1891,fragrant,timber
1891,fragrant,odor
1891,fragrant,flower
1891,fragrant,smell
1891,fragrant,seed
1891,fragrant,resin
1891,fragrant,odor
1891,fragrant,bark
1891,fragrant,aromatic
1891,perfumed,distillation
1891,fragrant,wood
1891,fragrant,resin
1892,fragrant,raspberry-bushes
1894,fragrant,summer
1895,perfumed,yellow
1895,scented,air
1895,fragrant,bosom
1895,fragrant,odour
1895,fragrant,field
1895,fragrant,root
1895,fragrant,odour
1898,fragrant,pine
1898,fragrant,wintergreen
1898,scented,air
1898,fragrant,wine
1898,fragrant,flower
1898,fragrant,nectar
1898,fragrant,work
1899,fragrant,clover
1899,fragrant,lock
1901,fragrant,beauty
1901,fragrant,mistiness
1901,fragrant,wood
1901,fragrant,easter
1901,fragrant,flower
1901,scented,plant
1901,perfumed,whisper
1901,perfumed,lilac
1901,fragrant,one
1901,fragrant,hepaticas
1901,fragrant,purple
1901,fragrant,wild
1901,fragrant,spike
1901,fragrant,stone
1901,fragrant,thistle
1901,fragrant,flower
1901,fragrant,colony
1901,fragrant,little
1901,fragrant,blossom
1901,fragrant,blossom
1901,fragrant,flower
1901,fragrant,pink
1901,fragrant,flower
1901,fragrant,flower
1901,fragrant,havana
1901,fragrant,fume
1903,sweet-smelling,flower
1904,fragrant,grove
1904,perfumed,flower
1904,fragrant,grass
1904,fragrant,hay
1905,fragrant,vessel
1905,fragrant,cup
1906,fragrant,charm
1906,fragrant,memory
1906,fragrant,leaf
1906,fragrant,gum
1908,perfumed,breath
1909,fragrant,plants.
1910,perfumed,sea
1910,sweet-smelling,vapour
1911,scented,wave
1912,perfumed,air
1912,perfumed,purple
1914,perfumed,water
1914,fragrant,temple
1914,fragrant,petal
1914,fragrant,spring
1914,sweet-smelling,favorite
1914,fragrant,snowdrift
1914,fragrant,outdoor
1914,fragrant,open
1914,fragrant,flower
1917,fragrant,blossom
1919,fragrant,apple
1919,sweet-smelling,savor.
1920,fragrant,peat
1920,fragrant,spicy
1920,fragrant,blue
1920,fragrant,place
1921,fragrant,flower
1922,fragrant,sandalwood
1922,fragrant,flower
1922,fragrant,meal
1926,sweet-smelling,leaf
1927,scented,wood
1929,scented,oil
1929,scented,oil
1929,sweet-smelling,herb
1929,fragrant,scented
1930,fragrant,forest
1931,scented,gift
1931,scented,danger
1931,scented,victory
1932,fragrant,empty
1934,scented,bath
1935,scented,powder
1937,perfumed,tea-rose
1937,fragrant,memory
1942,fragrant,zodiac
1942,perfumed,soap
1942,fragrant,water
1942,scented,after-shave
1942,perfumed,cosmetic
1943,fragrant,smell
1943,fragrant,perfume
1944,fragrant,dried
1944,fragrant,kitchen
1944,fragrant,christmas
1944,fragrant,bouquet
1944,fragrant,ware
1944,fragrant,grass
1944,fragrant,canopy
1945,fragrant,garden
1946,fragrant,herb
1946,perfumed,corruption
1946,perfumed,corruption
1947,scented,talcum
1953,fragrant,perfume
1953,fragrant,fluid
1953,perfumed,powder
1954,scented,soap
1958,fragrant,bayberry
1959,scented,collyriuln
1959,scented,soap
1970,fragrant,soup
1970,perfumed,earth
1973,fragrant,green
1975,scented,geranium
1975,scented,geranium
1975,scented,geranium
1975,scented,geranium
1975,scented,geranium
1975,scented,geranium
1975,fragrant,flower
1975,scented,geranium
1975,scented,geranium
1975,scented,geranium
1975,scented,geranium
1975,scented,geranium
1975,sweet-smelling,henhouse
1977,fragrant,omelet
1985,perfumed,glove
1985,scented,water
1988,fragrant,material
1988,scented,shirt
1988,fragrant,substance
1988,perfumed,emanation
1988,perfumed,lining
1988,scented,air
1989,fragrant,omelet
1995,perfumed,deodorant
1995,sweet-smelling,kindling
1997,fragrant,smell
2005,scented,notepaper.
2005,fragrant,aroma
2005,fragrant,apple
2006,perfumed,flock
2009,scented,joke
